id,question,a,b,c,d,correct
2,"What proportion of vegans is likely to be deficient in vitamin B12?
",3%,32%,66%,15%,1
5,How many eyes does a Giraffe have?,one,two,three,four,1
10,Which of the following lessens the impact of expansionary fiscal policy?,An increase in the marginal propensity to consume.,Lower interest rates that cause a decrease in net exports.,Higher interest rates that cause an increase in net exports.,Higher interest rates that decrease private investment.,3
11,Cellular uptake of cholesterol occurs through internalization of low density lipoproteincholesterol complexes. Cholesterol uptake involves all of the following EXCEPT,cell-surface receptors,adhesion plaques,endosome formation,receptor-mediated endocytosis,1
12,What is true about the rotation of a solid disk?,The velocity is the same on every point on the disk,The part closer to the axis has a longer period,The period of rotation is the same on every point on the disk,The part closer to the axis has a shorter period,2
13,"This question refers to the following information.
""After all the slaves had been brought together and severally marked with the letter G, the emperor's fifths and then Cortés' were deducted before we were aware of it; and, besides this, on the night preceding, the finest of the Indian females had been secretly set apart, so that when it came to a division among us soldiers, we found none left but old and ugly women&….Another soldier asked Cortés if the division he had made of the gold in Mexico was not a sufficient imposition, for, at first, he had merely spoken of 300,000 pesos, but when we were obliged to retreat from the city, it was estimated at 700,000 pesos. And now he was going to deprive the poor soldier, who had undergone so many hardships, and suffered from innumerable wounds, of this small remuneration, and not even allow him a pretty Indian female for a companion&…
[Later], when Cortés learnt that there were still a great many bars of gold among the men, and heavy gambling in consequence, (for, according to the old saying, gold and love cannot lie long concealed,) he made known, under threats of severe punishment, that everyone should produce the gold he had obtained on the night of our retreat, of which one third was to be returned to him; but that anyone who refused to pay this, should have the whole taken from him. Many of our men refused downright to comply with this; yet Cortés managed to extort a good deal of it under the pretence of a loan&…""
The Memoirs of the Conquistador Bernal Diaz del Castillo, 1568
Upon the return of Cortés's expedition, which of the following was a consequence of the actions described in the memoir?",A decentralized political state,A strengthened agricultural sector,An increased rate of inflation,Less tolerance for Jews and Muslims,2
15,A 50.0 mL sample of 0.0025 M HBr is mixed with 50.0 mL of 0.0023 M KOH. What is the pH of the resulting mixture?,1,4,5,11,1
17,The highest ocean tides occur when Earth and the Moon are,lined up with the Sun,at right angles to the Sun,at any angle to the Sun,lined up during spring,0
19,Which statement best describes one of Dworkin's central arguments in Justice for Hedgehogs?,Morality plays no role in the concept of law.,Moral arguments operate only in hard cases.,The law dictates what moral values should affect our ethical behaviour.,Moral values are both independent and objective.,3
20,"Which of the following could lead to iodine deficiency?
",Low intake of fruits and vegetables,Intake only of locally grown food in central Africa,Insufficient caloric intake,Inadequate sunlight exposure,1
22,"Clifford and Lucia Pauling, in Senior View, told us that physical changes",Are rapid and frightening,Can be offset by meditation,Take a long time,Should not be discussed in public,2
26,"For which of these two scenarios does the main character (who uses I/me/my) do something clearly morally wrong, according to ordinary moral standards in the US as of 2020? Scenario 1 | I swerved toward the pedestrian walking along the busy roadway. Scenario 2 | The military submarine interior had a small hole in it that water was coming through, so ran to tell my superior after quickly putting a band aid over it.","Wrong, Wrong","Wrong, Not wrong","Not wrong, Wrong","Not wrong, Not wrong",1
28,Which among the following is the least strong security encryption standard?,WEP,WPA,WPA2,WPA3,0
31,Solve the equation −47 = g + 24.,−71,−23,23,71,1
32,An animal is not likely to associate a conditioned stimulus (CS) with an unconditioned stimulus (UCS) if the,delay between the CS and the UCS is too long,interval schedule between the two stimuli is variable,fixed-rational schedule between the two stimuli is altered,interstimulus ratio is variable,0
35,Which of the following indicates that a reaction is spontaneous?,at equilibrium there are more products than reactants,the value of ΔG° is greater than zero,the value of ΔS° is greater than zero,the value of Keq is less than one,0
38,Aquinas claim that all human operations appear to serve:,those in power.,those of high status.,those who contemplate the truth.,those who act wickedly.,2
40,"In Python 3, b = [11,13,15,17,19,21]; print(b[::2]) outputs what?","[19,21]","[11,15]","[11,15,19]","[13,17,21]",2
42,"According to Jaina traditions, what does the term ajiva mean?",Soul,Sound,Non-matter,Non-soul,3
45,"For which of these two scenarios does the main character (who uses I/me/my) do something clearly morally wrong, according to ordinary moral standards in the US as of 2020? Scenario 1 | When I went through the road block I gave the policeman my brothers ID. Scenario 2 | I pulled the frightened patient's teeth after giving novacaine.","Wrong, Wrong","Wrong, Not wrong","Not wrong, Wrong","Not wrong, Not wrong",1
46,"Consider the following assumptions about electronic storage for the text in all the books of a university's libraries. - The libraries at the university collectively contain 3 million books. - A book contains an average of 400 pages. - A page contains an average of 50 lines. - A line on a page contains an average of 10 words. - A word contains an average of 5 letters/characters. - A letter/character is represented by 1 byte. Based on the given assumptions, which of the following is the unit in which the electronic storage required for the text in all the books of the university's libraries would best be measured?",Megabyte ( 2^20 or approximately 10^6 bytes),Gigabyte ( 2^30 or approximately 10^9 bytes),Terabyte ( 2^40 or approximately 10^12 bytes),Petabyte ( 2^50 or approximately 10^15 bytes),2
47,Which of the following activities are NOT secondary economic activities?,Assembling automotive parts,Sewing shirts,Mining copper,Binding books,2
48,"Motivation is a complex process involving weighing alternatives, costs, and benefits. From your knowledge about GOAL-SETTING THEORY, which one out of the following statements is incorrect?",goals serve 2 purposes: they are a basis for motivation and they direct behaviors,goal attainment is maximized when goals are specific and highly difficult,goal attainment is maximized when frequent feedback is given,worker participation in goal-setting is also good,1
50,Both C4 and CAM plants employ physiological and biochemical strategies to reduce photorespiration. Which of the following is an accurate comparison of the two strategies?,"C4 plants fix CO2 as the 4-carbon acid oxaloacetate, while CAM plants fix CO2 as the 5-carbon acid ribulose 1, 5-bisphosphate.","C4 plants fix CO2 in the mesophyll but carry out the Calvin cycle in the bundle sheath, while CAM plants fix CO2 and carry out the Calvin cycle in the mesophyll.","C4 plants fix CO2 in the bundle sheath but carry out the Calvin cycle in the mesophyll, while CAM plants fix CO2 and carry out the Calvin cycle in the bundle sheath.","C4 plants store CO2 as phosphoglycolate, while CAM plants store CO2 as oxaloacetate.",1
54,For an autoregressive process to be considered stationary,The roots of the characteristic equation must all lie inside the unit circle,The roots of the characteristic equation must all lie on the unit circle,The roots of the characteristic equation must all lie outside the unit circle,The roots of the characteristic equation must all be less than one in absolute value,2
57,"If f(2x) = x + 5 and f(g(6)) = 13, then 2 * g(6) =",6,16,32,36,2
58,Hume describes reason as:,cool and disengaged.,the source of all moral actions.,the first spring or impulse to desire.,all of the above.,0
60,Find the number that makes the statement true: 26.1 mm = _ dm.,0.261,261,2.61,"2,610",0
61,Use the Associative Property of Multiplication to simplify 8 • (−7) • (−1).,−63,56,48,−56,0
62,"This question refers to the following information.
""The spontaneous forces of capitalism have been steadily growing in the countryside in recent years, with new rich peasants springing up everywhere and many well-to-do middle peasants striving to become rich peasants. On the other hand, many poor peasants are still living in poverty for lack of sufficient means of production, with some in debt and others selling or renting out their land. If this tendency goes unchecked, the polarization in the countryside will inevitably be aggravated day by day. Those peasants who lose their land and those who remain in poverty will complain that we are doing nothing to save them from ruin or to help them overcome their difficulties. Nor will the well-to-do middle peasants who are heading in the capitalist direction be pleased with us, for we shall never be able to satisfy their demands unless we intend to take the capitalist road. Can the worker-peasant alliance continue to stand in these circumstances? Obviously not! There is no solution to this problem except on a new basis. And that means to bring about, step by step, the socialist transformation of the whole of agriculture simultaneously with the gradual realization of socialist industrialization and the socialist transformation of handicrafts and capitalist industry and commerce; in other words, it means to carry out co-operation and eliminate the rich-peasant economy and the individual economy in the countryside so that all the rural people will become increasingly well off together. We maintain that this is the only way to consolidate the worker-peasant alliance.""
Mao Zedong, On the Question of Agricultural Co-operation, 1955
Which of the following best explains Mao's concept of the ""socialist transformation of the whole of agriculture"" in China?",Agriculture fueled industrialization in cities as excess labor flowed from the countryside to urban centers.,Agricultural surpluses allowed the state to invest more heavily in modernizing agricultural production.,"Agricultural efficiency reduced prices of basic commodities, raising the standard of living across the whole of China.","Agriculture was collectivized, with the result that entire communities shared fields instead of individuals owning the land as private property.",3
64,"""Each term must be used twice, no more and no less,"" is a test of validity for which type of syllogism?",Enthymeme,Categorical,Disjunctive,Conditional,1
65,"Which of the following is not one of the unifying principles of Critical Security Studies, as defined by Krause?",Principle actors are social constructs that are made through political practices.,"Natural-science methodology is the best way to study social science, interpretive methodologies lack the coherence required for in-depth analysis.","Knowledge of the social world is not objective, as there is no divide between the social world and knowledge of that world.","The purpose of theory is not explanation in terms of generalizable causal claims, but contextual understanding and practical knowledge.",1
69,"A graduate of law school received notice that she had successfully passed the bar exam. To celebrate passing, the graduate went out with a few friends to a popular campus bar. The graduate's friend ordered a round of Hula Girls for everyone. A Hula Girl is an extremely potent alcoholic drink consisting. of 2 ounces of dry gin, 1 ounce of French vermouth, and 1 teaspoon of grenadine. After the drink is mixed, it is then served in a glass with an inverted lemon peel, which is cut at the ends to represent a grass skirt. Although the graduate had never heard of a Hula Girl, she was in a festive mood and drank it, anyway. A few minutes later, the graduate became very dizzy and attempted to stand up from the barstool. As she tried to walk to the restroom, she became nauseated and vomited over a customer sitting at a nearby table. The customer was embarrassed and greatly humiliated by the incident. If the customer asserts a claim against the graduate, the plaintiff will most likely","prevail, because the graduate's conduct was extreme and outrageous.","prevail, because an offensive touching resulted.","not prevail, because the graduate's actions were involuntary.","not prevail, because the graduate was unaware what she was drinking.",2
74,"A 17-year-old girl has never had a menstrual period. Physical examination shows a normal female body habitus, normal breast development, and normal appearing external genitalia. She has no axillary or pubic hair. The patient refuses to have a pelvic or rectal examination. Which of the following is the most likely explanation for the clinical presentation?",Androgen insensitivity,Congenital adrenal hyperplasia,Ectodermal dysplasia,A psychiatric disorder,0
75,"For which of these two scenarios does the main character (who uses I/me/my) do something clearly morally wrong, according to ordinary moral standards in the US as of 2020? Scenario 1 | I gave away my little sister, to a stranger, for one dollar. Scenario 2 | I don't let my pet dog wander outside when it's raining","Wrong, Wrong","Wrong, Not wrong","Not wrong, Wrong","Not wrong, Not wrong",1
77,"A year ago, a very wealthy man died in a car accident. A woman, whose mother worked as a secretary to the wealthy man for years, filed a claim against the estate, alleging that she was the wealthy man's daughter. At trial, the woman's attorney called the wealthy man's butler to testify. The butler testified that it was Common knowledge in the household that the wealthy man and the woman's mother were having an affair. The butler also testified that the wealthy man had often confided in him and told him shortly after the woman's birth that the woman was the wealthy man's daughter. Upon objection by the attorney for the executor of the wealthy man's estate, the court will most likely",sustain the objection bc butler's testimony would be violative of hearsay rule.,"sustain, bc butler's testimony would be violative of Dead man's statute.",overrule the objection because the butler's testimony would be relevant to the ultimate issue in the case.,overrule objection because the butler's testimony would qualify under the pedigree exception to the hearsay rule.,3
78," What two problems does individualism lead us into, according to Hourdequin?",It leads to failures of developing integration and integrality.,"They lead us into ""tragedy of the commons"" situations and they instill in us an atomistic view of persons.",It leads to increased greenhouse gas emissions and increased consumption of non-recyclable goods.,"We both tend to think of our moral obligations as only personal obligations, and so think that we can only advocate for policy in ""tragedy of the commons"" situations.",3
80,Which of the following was not defined by Giddens (1998) as part of New Labour's 'third way':,the democratization of the family,putting an end to privatization,"positive welfare: 'a hand up, not a hand-out'",the strengthening of civil society,1
81,"This question refers to the following information.
""We have witnessed for more than a quarter of a century the struggles of the two great political parties for power and plunder, while grievous wrongs have been inflicted upon the suffering people. We charge that the controlling influences dominating both these parties have permitted the existing dreadful conditions to develop without serious effort to prevent or restrain them. Neither do they now promise us any substantial reform. They have agreed together to ignore, in the coming campaign, every issue but one. They propose to drown the outcries of a plundered people with the uproar of a sham battle over the tariff, so that capitalists, corporations, national banks, rings, trusts, watered stock, the demonetization of silver and the oppressions of the usurers may all be lost sight of. They propose to sacrifice our homes, lives, and children on the altar of mammon; to destroy the multitude in order to secure corruption funds from the millionaires.
""Assembled on the anniversary of the birthday of the nation, and filled with the spirit of the grand general and chief who established our independence, we seek to restore the government of the Republic to the hands of 'the plain people,' with which class it originated. We assert our purposes to be identical with the purposes of the National Constitution; to form a more perfect union and establish justice, insure domestic tranquillity, provide for the common defence, promote the general welfare, and secure the blessings of liberty for ourselves and our posterity.""
Populist Party Platform, 1892
Which one of the following political movements most closely shared many of the goals outlined by the Populist Party?",Progressivism of the early 1900s,Neoconservatism of the 1980s,Federalism of the late 1700s,Jacksonian Democracy of the early 1800s,0
85,"A proton enters a solenoid. Upon entry, the proton is moving in a straight line along the axis of the solenoid. Which of the following is a correct description of the proton’s motion within the solenoid?",The proton will be bent in a parabolic path.,The proton will be bent in a circular path.,The proton will continue in its straight path at constant velocity.,The proton will continue in its straight path and slow down.,2
86,The set of all nth roots of unity under multiplication of complex numbers form a/an,semi group with identity,commutative semigroups with identity,group,abelian group,3
87,Find the value of 4 ÷ 2 • 2 + 8 − 4.,−12,12,8,16,2
88,Which of the following choices is most likely to create the greatest decrease in real GDP?,The government decreases spending matched with a decrease in taxes.,The government increases spending with no increase in taxes.,The government decreases spending with no change in taxes.,The government holds spending constant while increasing taxes.,2
89,"Congress enacted a statute designed to make the stabilization of rents more effective throughout the United States. The statute will be applicable to all leasehold contracts hereafter entered into between landlords and tenants involving residential and commercial properties. The new federal statute is intended to protect tenants from spiraling rents and ""profiteering"" by landlords without curtailing the supply of rental units or depriving landlords of substantial constitutional rights. The new federal statute would be most clearly constitutional as applied to",the rental of a state-owned office building by a state to a privately owned business.,the rental of residential property located in the District of Columbia by an individual landlord to a family of six.,the rental of an apartment located by a real estate company to an individual tenant.,the rental of an office building to a city by an individual landlord.,1
90,"Divide. 7,285 ÷ 4","1,801","1,801 R1","1,821","1,821 R1",3
92,When assessing an internal auditor's objectivity an independent auditor should,Perform tests of controls to determine whether significant internal control activities are properly maintained.,Analyze the risk factors that relate to misstatements arising from the misappropriation of assets.,Review the internal auditor's reports to verify that the conclusions reached are consistent with the procedures performed.,Consider the policies that prohibit the internal auditor from auditing areas where relatives are employed in key management positions.,3
93,Which of the following would shift the aggregate demand curve to the right?,An increase in the price level,Depreciation in the international value of the dollar,An increase in personal income tax rates,An increase in interest rates,1
94,"A man was paroled after serving five years in prison for forgery. Three weeks later, he found a handgun in a high school parking lot. Fearing that students from the school might find the gun and get into trouble using it, the man put it in the trunk of his car. The man drove off, was lawfully stopped by a police officer for speeding, and allowed the officer to search his car and the trunk. During the search, the officer discovered the gun. The man was charged under a federal statute prohibiting the knowing possession of a firearm by a convicted felon. Which of the following additional facts, if established, would be most helpful to the man's defense?",He did not intend to use the gun for an unlawful purpose.,He did not know about the federal statute.,He was driving to the police station to give the gun to the authorities when the officer stopped his car.,His previous conviction did not involve the use of a gun or other weapon.,2
95," This is where the manufacturing, purchasing, and consumption can occur at differing points in time.",Time utility.,Ownership utility.,Accessibility.,Information utility.,0
96,Smile Inc. purchased a computer on May 1 for $12000 with an estimated salvage value of $1500 and a 3-year life. What is the depreciation expense for the year ended December 31 using the double-declining method of depreciation?,"$8,000","$7,000","$5,333",4667,2
102,"In a meeting with the school psychologist, Ms. Harcar, a new sixth-grade teacher, expresses some concerns about a student, Anthony. The school psychologist has worked with the boy and knows him well. Anthony has a mild learning disability and receives academic support. He is doing well on a daily basis but has difficulty performing on tests. The school psychologist discusses ways in which Ms. Harcar could incorporate study-skills training into classroom activities. With regard to study-skills training, the school psychologist should stress which of the following principles while advising Ms. Harcar?","The study skills of students with disabilities are improved when they are given a single, specific study strategy to follow for all subjects.",Students with disabilities often develop study skills on their own and need only some guidance and reinforcement by the teacher.,Training in study skills needs to include helping students to guide their own thinking to organize their own study behaviors and to use varied study approaches.,Study strategies are best taught in a small group by having students practice collaborative problem-solving activities modeled by the teacher.,2
104,"ACORN, a segmentation analysis technique, stands for which of the following?",A corresponding official residential notation.,A classification of reported nationals.,A classification of residential neighbourhoods.,A countrywide official resources navigation.,2
109,Find the opposite of the number −7.,7,−7,0.7,−7.7,0
112,Which sentence most accurately describes how neurons communicate?,Neurons communicate through physical contact between dendrites of one cell and the next cell.,"Electricity passes between neurons, which carries messages between one neuron and another.","Chemicals travel from one neuron to another, influencing whether a neuron will fire or not.",Neurons send messages up the spinal cord to the cerebral cortex through neural reflexes.,2
115,A car gets 24 miles per gallon of gasoline (mi/gal). How many gallons of gasoline would the car need to travel 144 miles?,6.5 gallons,6 gallons,5.5 gallons,5 gallons,1
116,"For which of these two scenarios does the main character (who uses I/me/my) do something clearly morally wrong, according to ordinary moral standards in the US as of 2020? Scenario 1 | I viewed an old pirate ship that washed up. Scenario 2 | The ladies flower garden was so beautiful I just had to pick some of them.","Wrong, Wrong","Wrong, Not wrong","Not wrong, Wrong","Not wrong, Not wrong",2
123,Lemon owned 2000 shares of Spectrol Corp. common stock that were purchased in year 1 at $10.50 per share. In year 4 Lemon received a 5% non-taxable dividend of Spectrol common stock. In year 5 the stock split 2-for-1. In the current year Lemon sold 800 shares. What is Lemon's basis in the 800 shares of stock sold?,"$4,000","$8,000","$8,400",16800,0
124,Which of the following correctly lists the individual intermolecular attractive forces from the strongest to the weakest?,Induced dipole < dipole-dipole < hydrogen bond,Hydrogen bond < dipole-dipole < induced dipole,Induced dipole < hydrogen bond < dipole-dipole,Dipole-dipole < hydrogen bond < induced dipole,1
138,"In a crisis, the adrenal glands of the body secrete ""emergency"" hormones, while the body prepares for fight-or-flight, directed by",the central nervous system,the somatic nervous system,the sensorimotor nervous system,the sympathetic nervous system,3
143,"This question refers to the following information.
""The Government of the German Reich and The Government of the Union of Soviet Socialist Republics desirous of strengthening the cause of peace between Germany and the U.S.S.R., and proceeding from the fundamental provisions of the Neutrality Agreement concluded in April, 1926 between Germany and the U.S.S.R., have reached the following Agreement:
Article I. Both High Contracting Parties obligate themselves to desist from any act of violence, any aggressive action, and any attack on each other, either individually or jointly with other Powers.
Article II. Should one of the High Contracting Parties become the object of belligerent action by a third Power, the other High Contracting Party shall in no manner lend its support to this third Power.
Article III. The Governments of the two High Contracting Parties shall in the future maintain continual contact with one another for the purpose of consultation in order to exchange information on problems affecting their common interests.
Article IV. Should disputes or conflicts arise between the High Contracting Parties shall participate in any grouping of Powers whatsoever that is directly or indirectly aimed at the other party.
Article V. Should disputes or conflicts arise between the High Contracting Parties over problems of one kind or another, both parties shall settle these disputes or conflicts exclusively through friendly exchange of opinion or, if necessary, through the establishment of arbitration commissions.""
Molotov-Ribbentrop Pact, 1939
The Soviets were most strongly motivated to create this agreement because",Germany promised to help regain Soviet land lost in the First World War,the attempt by the Soviets to form an alliance with Britain and France had failed,they wanted to assist the Germans in seizing land from Czechoslovakia,they held debt to Germany stemming from the First World War,1
144,Which of the following would likely slow a nation's economic growth?,Guaranteed low-interest loans for college students,Removal of a tax on income earned on saving,Removal of the investment tax credit,More research grants given to medical schools,2
146,Glycolysis is the name given to the pathway involving the conversion of:,glycogen to glucose-1-phosphate.,glycogen or glucose to fructose.,glycogen or glucose to pyruvate or lactate.,glycogen or glucose to pyruvate or acetyl CoA.,2
148,"A state recently enacted a statute requiring the following of all construction companies that do business with and for the state (defined generally as selling goods or providing services to the state, its agencies, or subdivisions):Such businesses must purchase insurance only from insurance companies chartered in the state and thus be subject to regulation by the state insurance commissioner;  In hiring any unskilled laborers for employment in connection with state business, preference must be given to citizens of the state;Nonresident aliens shall be prohibited from engaging in any state related business activities;  All buildings constructed for the state must have roofs composed of adobe, which is composed of yellow silt or clay deposits found only in the state. The proposed statute's preamble recites that its provisions will ensure:  responsible insurance coverage for all those who do business with the state;an increased standard of living for the citizens who comprise the state's labor force;  the lowest possible expenditures by the state government; and  a beautiful, uniform aesthetic decor for all new state buildings. If the state statute is attacked as violating the commerce clause, which of the following statements is most accurate?","The statute is a valid exercise of the state's police power to legislate to protect the health, safety, morals, and welfare of its citizens.",The statute falls within the reserved powers under the Tenth Amendment.,The statute should be invalidated if there are nondiscriminatory reasonable alternatives available to serve legitimate local interests.,"The statute is a valid exercise of state action only if the federal government has not previously ""occupied the field"" in this area.",2
149,"The defendant was on a date when the victim invited him up to her apartment for coffee. The defendant and the victim began to kiss on the couch. The defendant lifted the victim's shirt, and the victim gently pushed the defendant's hand away and then left the couch to make coffee. While the victim was making coffee, the defendant picked up her solid gold ring that she had carelessly left on the living room table. Intending to give it back to her with a diamond in it, he put it into his pocket and got ready to leave. Before the defendant went home, he stopped into a bar. There he met a patron who offered to sell him a two-month-old plasma TV for $200. The patron said that he would take only cash and that he also had some unboxed silverware and jewehy he could sell the defendant from his van, which was parked outside. The patron said, ""You better decide fast, because I've got to get out of town right away. "" The defendant, who knew that the TV was worth $1,000, gave the patron $200, and the patron gave the defendant the TV, which was not in a box. The patron did not tell the defendant he had just stolen the television from a house down the street. Based on the above facts, for which of the following crimes should the defendant be convicted?","Battery upon the victim, and larceny of the ring.",Larceny of the ring.,Embezzlement of the ring.,Receiving stolen property.,3
152,Newton’s law of cooling applies to objects that,cool,warm up,Both,Neither,2
157,To verify a digital signature we need the,Sender’s Private key,Sender’s Public key,Receiver’s Private key,Receiver’s Public key,1
159,"When you bend the branch of a tree by hanging on its end, the top side of the branch is under",tension.,compression.,Both.,Neither.,0
162," An unjust society, according to John Rawls, can be roughly characterized as any society where","some have more goods (e.g., happiness) than others.",political power is mostly given to the wealthy and upper class.,there are inequalities that are not to the benefit of all.,liberty is restricted to those who have not earned it.,2
163,"To compute the matrix product M_1M_2, where M_1 has p rows and q columns and where M_2 has q rows and r columns, takes time proportional to pqr, and the result is a matrix of p rows and r columns. Consider the product of three matrices N_1N_2N_3 that have, respectively, w rows and x columns, x rows and y columns, and y rows and z columns. Under what condition will it take less time to compute the product as (N_1N_2)N_3 (i.e., multiply the first two matrices first) than to compute it as N_1(N_2 N_3)?","There is no such condition; i.e., they will always take the same time.",1/x + 1/z < 1/w + 1/y,x > y,1/w + 1/x < 1/y + 1/z,1
164,"The scores of Brian's team on the quiz were: 8, 6, 9, 7, 10, 9, 5, 4, 9. The median of the team's scores is",9,8,7.5,7,1
176," Which of the given formulas of PL is the best symbolization of the following sentence?
Either England's importing beef is a sufficient condition for France's subsidizing agriculture, or China doesn't promote human rights when and only when South Africa supplies diamonds.",(E ⊃ F) ∨ (~C ⊃ S),(F ⊃ E) ∨ (S ⊃ ~C,(E ⊃ F) ∨ ~(S ≡ C),(E ⊃ F) ∨ (~C ≡ S),3
182,A 32-year-old man who is a jackhammer operator comes to the physician because of pain and swelling of his right arm for 3 days. The symptoms are moderately exacerbated by exertion. Examination of the right upper extremity shows erythema and moderate edema. Capillary refill time is less than 3 seconds. Which of the following is the most likely diagnosis?,Axillary-subclavian venous thrombosis,Deep venous valvular insufficiency,Superficial thrombophlebitis of the basilic vein,Superior vena cava syndrome,0
184,What is the least perfect square with 3 different prime factors?,300,9,900,666,2
188,"Which of the following will be increased in vitamin K deficiency
",The plasma concentration of calcitonin,The plasma concentration of prothrombin,The time for blood to clot,Haemolysis due to oxidative damage to red cell membranes,2
189,"A rubber ball (mass = 0.08 kg) is dropped from a height of 3.2 m, and after bouncing off the floor, rises almost to its original height. If the impact time with the floor is measured to be 0.04 s, what average force did the floor exert on the ball?",0.16 N,0.16 N,0.32 N,0.36 N,2
190,"For which of these two scenarios does the main character (who uses I/me/my) do something clearly morally wrong, according to ordinary moral standards in the US as of 2020? Scenario 1 | I always gave extra credit on exams to those who had blue eyes. Scenario 2 | I sat outside to spy on the neighbors that came out at night.","Wrong, Wrong","Wrong, Not wrong","Not wrong, Wrong","Not wrong, Not wrong",0
192,"Susan Seller mailed a letter to Bobby Buyer after Bobby called her inquiring if her antique 1932 Ford Roadster was for sale. The letter stated, ""I want to sell my antique Ford Roadster for a price above $20,000. If you are interested please contact me."" Three days later Bobby sent a letter to Susan stating ""I agree to pay your asking price of $20,000 for the 1932 Ford Roadster."" The next day Susan sold the car to Harriet Higherprice for $25,000. If Bobby brings suit against Susan for breach of contract, the likely outcome is","For Bobby, since her acceptance was timely under the mail box rule.","For Susan, because her letter to Bobby was not an offer.","For Susan, because the sale to Harriett was made before Susan was aware that Bobby had accepted.","For Bobby, because her communication met the full price which Susan was asking for the automobile.",1
193,"A large island is devastated by a volcanic eruption. Most of the horses die except for the heaviest males and heaviest females of the group. They survive, reproduce, and perpetuate the population. Since weight is highly heritable and the distribution of weights approximates a binomial distribution, the offspring of the next generation would be expected to have",a higher mean weight compared with their parents,a lower mean weight compared with their parents,the same mean weight as members of the original population,a higher mean weight compared with members of the original population,3
197,Which statement is true?,"If f(x) is continuous at x = c, then f′(c) exists.","If f′(c) = 0, then f has a local maximum or minimum at (c, f (c)).","If f′′(c) = 0, then the graph of f has an inflection point at (c, f (c)).","If f is differentiable at x = c, then f is continuous at x = c.",3
200,Which of these men has never been a head coach in the NFL?,Dick Vermeil,Bill Parcells,Chuck Noll,Pat Riley,3
208,Excess reserves in the banking system will increase if,the reserve ratio is increased.,the checking deposits increase.,the discount rate is increased.,the Fed sells Treasury securities to commercial banks.,1
212,Which of the following coronaviruses has caused thousands of deaths around the world as an 'emergent' virus?,MERS,SARS,OC43,HKU1,0
216,"The authorities arrested a man without a warrant and held him imprisoned for 14 days without a determination of probable cause. He finally saw a public defender who filed a motion to dismiss alleging an unconstitutional detention in violation of due process. The prosecution countered that the state's rules allowed for detention without a probable cause hearing for up to 30 days, and that the procedure was constitutional. Will the court most likely decide that this detention is unconstitutional?","No, because the Supreme Court has ruled that detentions can properly last up to 30 days without a probable cause determination.","No, because each case must be decided on its own facts and there may be many good reasons why the state has not yet provided a probable cause determination.","Yes, because when the state arrests someone without a warrant it must provide a prompt probable cause determination.","No, because it is constitutional to hold someone for up to 15 days without a probable cause determination.",2
223,"Ben rolls two fair six-sided dice. What is the expected value of the larger of the two numbers rolled? Express your answer as a fraction. (If the two numbers are the same, we take that number to be the ""larger"" number.)",\frac{161}{6},\frac{161}{36},161,\frac{161}{3},1
227,HOUSE’S PATH-GOAL THEORY OF LEADERSHIP predicts that subordinate satisfaction and motivation are maximized when they believe the leader is helping. How is the Instrumental leadership style?,establishes supportive relationships with subordinates,includes subordinates in decision-making,provides specific guidelines and clear rules and procedures,sets challenging goals and encourage higher levels of performance,2
228,Women's world record performances have improved rapidly in recent years mainly because:,women have evolved a greater muscle mass.,women can now run faster than men.,women have started training at an earlier age.,more women are now engaged in sport.,3
232,"A student eats 3 slices of pizza while studying for his Economics exam. The marginal utility of the first slice of pizza is 10 utils, the second slice is 7 utils, and the third slice is 3 utils. Which of the statements below holds true with the above data?",The student would not eat any more pizza.,The marginal utility of the 4th slice of pizza will be 0.,The student should have stopped eating pizza after 2 slices.,The total utility this student received from eating pizza is 20 utils.,3
234,"An unknown substance is found to have a high melting point. In addition, it is a poor conductor of electricity and does not dissolve in water. The substance most likely contains",ionic bonding,nonpolar covalent bonding,covalent network bonding,metallic bonding,2
238," In his final work, Laws, Plato shifted from cosmology to which of the following issues?",Epistemology,Morality,Religion,Aesthetics,1
240,"This question refers to the following information.
""I was once a tool of oppression
And as green as a sucker could be
And monopolies banded together
To beat a poor hayseed like me.
""The railroads and old party bosses
Together did sweetly agree;
And they thought there would be little trouble
In working a hayseed like me. . . .""
—""The Hayseed""
Which of the following is an accomplishment of the political movement that was organized around sentiments similar to the one in the song lyrics above?",Establishment of the minimum wage law.,Enactment of laws regulating railroads.,Shift in U.S. currency from the gold standard to the silver standard.,Creation of a price-support system for small-scale farmers.,1
241,"Except for identical twins, no two people are genetically identical. Which of the following statements most accurately describes the main source of variation in humans?",The main source of variation in humans is genetic drift.,Changes in the environment cause rapid changes in different human populations.,Shuffling of alleles is responsible for the greatest variation in humans.,Mutations are responsible for the greatest changes in different human populations.,2
245,The maternal serum level of alpha-fetoprotein (AFP) is lower than average in which situation?,Down syndrome,Exomphalos,Neural tube defects,Twin pregnancies,0
246,"For which of these two scenarios does the main character (who uses I/me/my) do something clearly morally wrong, according to ordinary moral standards in the US as of 2020? Scenario 1 | I got a good grade on the test because I studied for it. Scenario 2 | I made my boyfriend an homemade dinner from our chicken's eggs.","Wrong, Wrong","Wrong, Not wrong","Not wrong, Wrong","Not wrong, Not wrong",3
247,"According to Ross, justice is:",when all laws are followed.,when contracts and promises are adhered to.,when the distribution of happiness is in accordance with merit.,when the guilty are punished for their crimes.,2
250,"For which of these two scenarios does the main character (who uses I/me/my) do something clearly morally wrong, according to ordinary moral standards in the US as of 2020? Scenario 1 | I disabled the brakes on the car. Scenario 2 | I added my name to the back before I cashed the check my granny gave me for my birthday.","Wrong, Wrong","Wrong, Not wrong","Not wrong, Wrong","Not wrong, Not wrong",1
252,"When an object is set vibrating by a wave that has a matching frequency, what occurs is",forced vibration,resonance,refraction,amplitude reduction,1
256,Which of the following is true of congressional redistricting?,The responsibility for redrawing congressional districts belongs to congressional committees.,It is a noncontroversial process because it has few political ramifications.,It occurs every 10 years to reflect changes in population according to the census.,The Supreme Court has ruled that legislators may not consider racial demographics when redrawing districts.,2
262,Which of the following is not among the methods unions use to increase wages?,Negotiations to obtain a wage floor,Restrictive membership policies,Efforts to decrease the prices of substitute resources,Featherbedding or make-work rules,2
263,A company may become insolvent if it,has negative working capital,cannot meet its budgeted level of profit,makes a loss,cannot pay creditors in full after realisation of its assets,3
264,Which of the following is a frameshift mutation?,CAT HAS HIS → CAT HAS HIT,CAT HAS HIS → CAT HSH ISA,CAT HAS HIS → CAT HIS HAT,CAT HAS HIS → CAT WAS HIT,1
266,"An orange grove and a grapefruit grove are two parcels abutting each other. A citrus grower owns the orange grove in fee simple and maintains both his dwelling house and the business he operates on the orange grove. He has a right of way, granted by a written agreement, across the grapefruit grove for crossing the grapefruit grove on foot, by bicycle, or automobile. A farmer is the owner of the grapefruit grove. The citrus grower's property interest in the use of his right of way across the grapefruit grove may best be described as a (an)",license.,easement in gross.,easement appurtenant.,prescriptive easement.,2
267,Which of the following defenses may NOT be used to legally avoid payment on a negotiable instrument?,Breach of contract,Diminished economic resources,Fraud in the inducement,Mental incapacity,1
271,The vibrations in a longitudinal wave move in a direction,along and parallel to the wave,perpendicular to the wave,Both of these,Neither of these,0
274,Hypnosis is best described as a response to suggestion involving:,a measurable physiological change.,"an alteration in memory, mood, and perception.",increased compliance to situational demands.,a state of “artificial sleep.”,1
277,Why do vigorous CD8 cell responses in chronically infected HIV-positive individuals fail to eliminate the virus?,CTL exhaustion,Epitope escape,Suboptimal CTL,Absence of dendritic cells,1
278,"A statute passed by both houses of Congress and signed by the President authorizes a federal agency to select a site for and to construct a monument honoring members of the capitol police force killed in the line of duty. The statute appropriates the necessary funds but provides that the funds may not be expended until both houses of Congress have adopted a concurrent resolution, not subject to presentment to the President, approving the agency's plans for the monument's location and design. Is the provision requiring further congressional approval before expenditure of the funds constitutional?","No, because decisions regarding the placement and design of government-owned structures are an exclusively executive function with which Congress may not interfere by any means.","No, because the provision amounts to an unconstitutional legislative interference with an executive function.","Yes, because Congress may attach reasonable conditions to its appropriation of funds to executive departments, and its special interest in the members of its own police force makes the provision a reasonable condition.","Yes, because the provision is part of a statute that was passed by both houses of Congress and signed by the President.",1
283, The train operator understands customer desire for a comfortable seat but fails to specify how many should be provided relative to the anticipated number of travellers on each route. This is an example of:,GAP 2-the gap between management perception and service-quality specification.,GAP1-the gap between the customer's expectations and management perception.,GAP 3-the gap between service-quality specifications and service delivery.,GAP 4-the gap between service delivery and external communications.,0
302,"For the perfectly competitive firm, the profit-maximizing decision to shut down is made when the price",falls below minimum average total cost.,"is greater than minimum average variable cost, but lower than minimum average total cost.",falls below minimum average variable cost.,is equal to minimum average total cost.,2
304,If a hertz is equal to one cylce per second how many cycles per second does a megahertz equal?,-328716,1000,1000000,1000000000,2
305,"For which of these two scenarios does the main character (who uses I/me/my) do something clearly morally wrong, according to ordinary moral standards in the US as of 2020? Scenario 1 | They wanted to start investing so I got them involved in a hedge fund. Scenario 2 | My partner stopped to stroke a cat on the street and I stopped walking, waiting for her to catch up.","Wrong, Wrong","Wrong, Not wrong","Not wrong, Wrong","Not wrong, Not wrong",3
306,"A college freshman obtains a score of 150 on his English final exam, a score of 100 on his math exam, a score of 55 on his chemistry exam, and a score of 30 on his history exam. The means and standard deviations for these tests are, respectively, 125 and 20 for the English exam, 90 and 10 for the math exam, 45 and 5 for the chemistry exam, and 30 and 5 for the history exam. Based on this information, you can conclude that the young man's test performance was best on which exam?",English,math,chemistry,history,2
308,"This question refers to the following information.
""We found that not only was it a civil war, an effort by a people who had for years been seeking their liberation from any colonial influence whatsoever, but also we found that the Vietnamese whom we had enthusiastically molded after our own image were hard put to take up the fight against the threat we were supposedly saving them from.
""We found most people didn't even know the difference between communism and democracy. They only wanted to work in rice paddies without helicopters strafing them and bombs with napalm burning their villages and tearing their country apart. They wanted everything to do with the war, particularly with this foreign presence of the United States of America, to leave them alone in peace, and they practiced the art of survival by siding with whichever military force was present at a particular time, be it Viet Cong, North Vietnamese or American.""
John Kerry, 1971
The conflict described above is most likely a result of which of the following doctrines?",Imperialism,Containment,Big-stick diplomacy,Isolationism,1
309,"The Basques, Bretons, Kashmiris, and Tamils are all examples of",regionalist groups.,separatist groups.,terrorist groups.,interventionist groups.,1
315,"Each story of a building is 14.3 feet tall. If the height of the building is 185.9 feet, how many floors does the building have?",10,13,17,9,1
316,"A consumer purchased a new station wagon from a car dealer. The car dealer performed a thorough inspection of the station wagon before the sale was completed. One evening, the consumer was driving along a city street when he saw the traffic light facing him turn from green to amber. He sped up, hoping to cross the intersection before the light turned red. However, he quickly realized that he could not do so and applied the brakes, which failed because of a defect in the brake mechanism. The consumer then swerved to avoid hitting a bus that was crossing the intersection at a right angle to him. As a result of the swerve, the consumer's car rode up on the sidewalk and overturned, pinning a pedestrian. Both the consumer and the pedestrian were severely injured. If the consumer asserts a claim against the car dealer based on strict liability in tort, will the plaintiff prevail?","Yes, because the brakes failed while the consumer was driving his car.","Yes, because the brakes failed because of a defect present when the consumer purchased the car.","No, because the consumer contributed to his own injury by speeding up.","No, because the car dealer carefully inspected the car before selling it.",1
318,"When using multiple regression, multicollinearity occurs when:",the predictors are highly correlated with one another.,the criterion measures are highly correlated with one another.,there is a low correlation between the predictors and the criterion.,there is a high (significant) correlation between the predictors and the criterion.,0
325,In what ways did strategic circumstances have an effect on environmental security perspectives?,The end of the Cold War created the space for security policy and security studies to be re-considered in light of growing environmental consciousness underlined by multilateralism in policy action.,In 1973 the Organization of Petroleum Exporting Countries (OPEC) restricted oil supplies which underlined the industrial capacity of the military leaving a profound psychological impact requiring that security be linked to national interests: the securing of energy deals and the environment became related to military capability diplomacy.,Ideologically driven military security was replaced by a need to preserve territorial integrity in wake of the collapse of communism. Military security was a high priority given the threat of spill-over. The environment remained a peripheral concern to the security institutions occupied with the new security environment post-Cold War.,"The end of the Cold War order created the intellectual space for the broadening of security issues beyond Cold War military mentalities. Research among political and environmental scientists discussed ways in which new security issues could be addressed. The plethora of publications produced, however, had little effect on policy.",0
327,"""Smith, Glass, and Miller’s (1980) meta-analysis of the psychotherapy outcome research found that people receiving therapy are """"better off"""" than about _____% of people who need treatment but do not receive it.""",45,55,80,95,2
328,"For which of these two scenarios does the main character (who uses I/me/my) do something clearly morally wrong, according to ordinary moral standards in the US as of 2020? Scenario 1 | I added a sprinkle of cinnamon to all of the coffees I made. Scenario 2 | I brought out my phone and recorded the dressing room.","Wrong, Wrong","Wrong, Not wrong","Not wrong, Wrong","Not wrong, Not wrong",2
330,"If the parabola $y_1 = x^2 + 2x + 7$ and the line $y_2 = 6x + b$ intersect at only one point, what is the value of $b$?",7,3,12,4,1
333,Assembly is a vital late replication stage for a virus and is often accomplished by which of the following?,Use of cellular scaffolding in the nucleus and cytoplasm,Snatching cellular lipids and membranes,Master plan embedded in the viral genome,Random interactions between cellular and virus proteins,0
334,Which of these is not a 'lock' function on a standard desktop computer keyboard?,print lock,number lock,scroll lock,caps lock,0
335,Calculate $\left(\frac{1}{a}\right)^4 \cdot 2 \cdot a^4+a^{2+1-3}$ when $a=42$.,0,1,2,3,3
336,"This question refers to the following information.
""The far-reaching, the boundless future will be the era of American greatness. In its magnificent domain of space and time, the nation of many nations is destined to manifest to mankind the excellence of divine principles; to establish on earth the noblest temple ever dedicated to the worship of the Most High—the Sacred and the True. Its floor shall be a hemisphere—its roof the firmament of the star-studded heavens, and its congregation a Union of many Republics, comprising hundreds of happy millions, calling, owning no man master, but governed by God's natural and moral law of equality, the law of brotherhood—of 'peace and good will amongst men.'""
John L. O'Sullivan, ""The Great Nation of Futurity,"" 1839
Which of the following presidents is most closely associated with the concept of Manifest Destiny?",James K. Polk,Andrew Johnson,Woodrow Wilson,Ronald Reagan,0
338,"A scientist studied the migration patterns of two types of whales. The humpback whales traveled 2,240 miles in 28 days. The gray whales traveled 2,368 miles in 32 days. If the humpback whales had traveled at the same rate for 32 days, how many more miles would they have traveled than the gray whales?",128,192,280,408,1
339,"Before his conversion, what was Tolstoy surrounded by?",what is considered complete happiness,things that no one would want,what is considered heavenly bliss,what is considered deep insight,0
341,"This question refers to the following information.
""The far-reaching, the boundless future will be the era of American greatness. In its magnificent domain of space and time, the nation of many nations is destined to manifest to mankind the excellence of divine principles; to establish on earth the noblest temple ever dedicated to the worship of the Most High—the Sacred and the True. Its floor shall be a hemisphere—its roof the firmament of the star-studded heavens, and its congregation a Union of many Republics, comprising hundreds of happy millions, calling, owning no man master, but governed by God's natural and moral law of equality, the law of brotherhood—of 'peace and good will amongst men.'""
John L. O'Sullivan, ""The Great Nation of Futurity,"" 1839
By what means did the United States take possession of the Oregon Territory?",The United States was granted the territory in a postwar treaty with France.,The United States bought it from the Native Americans who lived there.,U.S. settlers were the first to arrive in the region; they claimed it for their country.,Great Britain ceded it to the United States as part of a negotiated treaty.,3
346,Cicero claims that there could be “no more pernicious doctrine” than the idea that:,the gods do not care what we do.,a thing may be expedient without being morally right.,moral rightness is relative to one’s culture.,it is sometimes permissible to lie.,1
348,"Pretend someone actually managed to dig a hole straight through the center of the Earth all the way to the other side. If an object were dropped down that hole, which of the following would best describe its motion? Assume ideal conditions and that the object cannot be destroyed.",It would fall to the center of the Earth and stop there.,"It would fall through the hole to the other side, continue past the opposite side’s opening, and fly into space.",It would oscillate back and forth from one opening to the other indefinitely.,It would fall to the other side and stop there.,2
352,"You seek the counsel of one of your peers who designed and implemented a communication program that resulted in the successful permitting of an automotive recycling center, despite strong opposition from community organizations. You have to design a program to win approval for a similar project proposed by your company. Your peer gives you a brief piece of advice that succinctly describes the foundation of his successful program. What is most likely your peer's advice for a successful communication program?",Solve their problems,Kill them with kindness,Expose them to ridicule,Overwhelm them with facts,0
354,"Umi created the number pattern that follows by adding the same amount each time to get the next number. 20, 40, 60, 80, ... What will be the eighth number in the pattern?",160,240,320,640,0
355,A group of friends go out to lunch. d people buy salad and p people buy soup. Each salad costs $3.99 and each soup costs $2.99. Write an expression for the total costs of the soup and salads.,3.99p + 2.99d,2.99p + 3.99d,(2.99 + 3.99)(p + d),(3.99p + 2.99)d,1
357,Which of the following describes a key change in hominids beginning at least as early as Homo erectus that is probably related to increasingly larger brain size?,microcephaly,neoteny,prognathism,supraorbital cortex,1
364,Viral transduction is the process by which viruses carry bacterial DNA from one bacterial cell to another. In what way does this process play a role in bacterial evolution?,By making the bacterial cell more resistant to predators,By directly creating new species of bacteria,By increasing genetic variation of the bacteria,By selecting for viruses better able to infect bacteria,2
365,"The Native American Party was founded and chartered in a state to promote the political power of Native Americans. Members pledged themselves to vote only for candidates nominated by the party. At first, membership was open to any voter who pledged himself to those tenets, but after a defeat in an election, the Party expelled all non- Native-American members upon the grounds that experience showed that only Native Americans could be trusted to honor the obligation to vote only for the Party's nominees. Membership is currently confined to Native Americans. In every election since, the Party's nominees have easily won election in the Sixth Congressional District, an area encompassing a large number of outlying reservations. Subsequently, the Executive Committee proposes that the Party choose its own ""Native American Power"" candidate for governor of South Dakota in the upcoming election. It will put its slate for U. S. representatives, governor, and U. S. senator before Party members for mail ballot, along with any rival candidates who qualify for the poll. A former non-Native American member of the Party is now challenging his exclusion from the Party. Which of the following constitutional provisions would furnish the former member's best ground for challenging his exclusion from the Party?",The due process clause of the Fourteenth Amendment.,The right of assembly as guaranteed by the First Amendment.,The equal protection clause of the Fourteenth Amendment.,The voting provisions of the Twenty Fourth Amendment.,2
368,"A 22-year-old male college student presents to the office with a 6-month history of intermittent loose stools alternating with constipation. He says that he has been constipated for the past 5 days and denies hematochezia and melena. He says that he usually has loose stools during final exam week. Vital signs are normal. Physical examination reveals mild diffuse abdominal tenderness, and the remainder of the findings are normal. Where does the sympathetic innervation for the viscera involved in this patient's condition originate?",C1-C2,T1-T4,T7-L2,L3-L5,2
370,Which of the following offers for the sale of widgets is not enforceable if the seller changes his mind prior to acceptance?,"A merchant tells buyer in writing she will sell the widget for $35,000 and that the offer will be irrevocable for ten days.","A merchant writes buyer offering to sell the widget for $35,000.","A merchant telegraphs buyer offering to sell the widget for $35,000 and promises to hold the offer open for ten days.","A merchant writes buyer offering to sell the widget for $35,000 and stating that the offer will be irrevocable for ten days if buyer will pay $1.00. Buyer pays.",1
372,Which of the following types of regulations would not be reviewed under the strict scrutiny standard of review?,Gender,Interstate travel,Privacy,Alienage,0
373,"For which of these two scenarios does the main character (who uses I/me/my) do something clearly morally wrong, according to ordinary moral standards in the US as of 2020? Scenario 1 | I graded my students based on how I felt about them personally. Scenario 2 | I threw knives at the other boxer during the fight.","Wrong, Wrong","Wrong, Not wrong","Not wrong, Wrong","Not wrong, Not wrong",0
374,"The moving coil-meters, damping is provided by",the aluminium frame of the coil.,the coil spring attached to the moving.,eddy current disk.,damping vane in the airtight chamber.,0
376,What are the key characteristics of transactional leaders?,"Guiding, mentoring and motivating","Guiding, commanding and motivating","Guiding, demonstrating and motivating","Guiding, mentoring and demonstrating",0
378,A circular tree trunk has a diameter of 8 feet. Which equation could be used to find the distance in feet around the tree trunk?,C = 4π,C =8π,C =16π,C = 64π,1
379,Darla and Janice are two moms raising a son Timmy. Which of the following most likely characterizes Timmy?,He will probably grow up to be gay.,He will not be popular with his peers.,As long as Timmy has at least one supportive and accepting caregiver he will have a healthy development.,His social skills will lag behind his peers who are raised in heterosexual families.,2
380,"For which of these two scenarios does the main character (who uses I/me/my) do something clearly morally wrong, according to ordinary moral standards in the US as of 2020? Scenario 1 | On my mom's birthday card I wrote she looked so young. Scenario 2 | I got a good grade on the test because I saw the answer sheet.","Wrong, Wrong","Wrong, Not wrong","Not wrong, Wrong","Not wrong, Not wrong",2
381,Dr. Mansfield Mayhem receives a subpoena requiring him to testify about a current therapy client at a trial. Dr. Mayhem contacts the client who states that she does not want him to release any confidential information to the court. Dr. Mayhem should:,notify the attorney who issued the subpoena that the client has asserted the privilege and request that he be released from subpoena.,do nothing further until he receives an order from the court to appear at the trial.,notify the court that he will not be appearing at the trial because the client does not want him to do so.,advise the attorney who issued the subpoena that he cannot appear as requested because the client has not given him permission to do so.,0
385,A surgical support can be used for:,prolapsed stomas.,high output stomas.,herniation around the stoma.,retraction of the stoma.,2
386,Let V and W be 4-dimensional subspaces of a 7-dimensional vector space X. Which of the following CANNOT be the dimension of the subspace V intersect W?,0,1,2,3,0
388,"Consider the following statements: (1) As countries get richer, the population tends to report higher average life satisfaction. (2) Important life events such as marriage or divorce do affect our happiness, but have surprisingly little long-term impact. Which of these statements is True/False, as of 2020?","True, True","True, False","False, True","False, False",0
391,"A circuit consists of a battery and a light bulb. At first, the circuit is disconnected. Then, the circuit is connected, and the light bulb lights. After the light bulb has been lit for a few moments, how has the net charge residing on the circuit elements changed?",The net charge has become more positive.,The net charge has become more negative.,The net charge has not changed.,Whether the net charge becomes more positive or more negative depends on the initial net charge residing on the circuit elements before the bulb was lit.,2
392,Ace Co. issued 1000 shares of its $10 par value common stock for $15 per share in cash. How should this transaction be reported in Ace's statement of cash flows for the year of issuance?,$15000 cash inflow from financing activities.,$10000 cash inflow from financing activities and $5000 adjustment to arrive at cash flows from operating activities.,$15000 cash flow from investing activities.,$10000 cash flow from investing activities and $5000 adjustment to arrive at cash flows from operating activities.,0
396,Research suggests children’s successful adjustment to the divorce of their parents is most related to:,the frequency of contact with the noncustodial parent.,the quality of the parent-child relationships prior to the divorce.,the child’s ability to understand the cause(s) of the divorce.,the degree of post-divorce conflict between the parents.,3
397,"If $888x + 889y = 890$ and $891x + 892y = 893$, what is the value of $x - y$?",1,-3,-1,3,1
398,An increase in the demand for money in the economy could result from,a recession.,a higher price level.,higher interest rates.,expected future inflation.,1
399,"A man was in jail after being arrested for burglary. When the police attempted to question him, the man invoked his Miranda rights and refused to answer any questions. The man was subsequently tried, convicted, and sentenced to a prison term for the burglary. Three years later, while the man was serving his prison sentence for the burglary, a police detective from a nearby town questioned him about an unsolved homicide. The detective did not know that the man had invoked Miranda at an earlier time. that the man had invoked Miranda at an earlier time. The man waived his Miranda rights and made several incriminating statements to the detective. When he was later charged with the homicide, the man moved to suppress these statements, claiming that his earlier refusal to waive his Miranda rights should have been honored. Should the court suppress the statements?","No, because the detective was unaware that the man had originally invoked his Miranda rights.","No, because the man's prior invocation of his Miranda rights did not preclude the later interrogation.","Yes, because the man had earlier invoked his Miranda rights, and the police were not permitted to resume questioning, even after a time lapse of years.","Yes, because the man was incarcerated, and his earlier invocation of his Miranda rights shielded him from further questioning until shielded him from further questioning until he was released.",1
404,Which of the following is not a recognised type of plan?,Business,Succession,Ad hoc,Financial,2
405,The highest levels of learning and performance are usually associated with:,low levels of arousal.,moderate levels of arousal.,high levels of arousal.,variability in levels of arousal.,1
406,"Greene is the sole shareholder of Seagull, a calendar-year S corporation. Greene's basis at the beginning of the year is $15,000. Seagull reported an ordinary loss of $5,000 and $2,000 of municipal bond interest for the year. Seagull distributed cash of $6,000 to Greene on November 1. What is Greene's basis in Seagull at the end of the year?","$4,000","$6,000","$14,000","$15,000",1
413,Which of the following terms refers to the use of distortion to create the illusion of an object extending into space?,Cantilevering,Contrapposto,Sfumato,Foreshortening,3
415,"Mr. Bee's statistics class had a standard deviation of 11.2 on a standardized test, while Mr. Em's class had a standard deviation of 5.6 on the same test. Which of the following is the most reasonable conclusion concerning the two classes' performance on the test?",Mr. Bee's class is less heterogeneous than Mr. Em's.,Mr. Em's class is more homogeneous than Mr. Bee's.,Mr. Bee's class performed twice as well as Mr. Em's.,Mr. Em's class did not do as well as Mr. Bee's.,1
417,Equity theory predicts that a person's satisfaction in a close personal relationship is related to the person's:,perceptions of his/her own contribution/reward ratio and the ratio of his/her partner.,perceptions of the relative utility of the relationship.,comparisons between his/her current relationship and past relationships.,comparisons between his/her own relationship outcomes and the relationship outcomes of others.,0
418,"The market for denim jeans is in equilibrium, and the price of polyester pants, a substitute good, rises. In the jean market","supply falls, increasing the price and decreasing the quantity.","supply falls, increasing the price and increasing the quantity.","demand falls, increasing the price and decreasing the quantity.","demand rises, increasing the price and increasing the quantity.",3
423,Which of the following pricing policies results in establishment of a price to external customers higher than the competitive price for a given industry?,Collusive pricing,Dual pricing,Predatory pricing,Transfer pricing,0
424,"If U and V are 3-dimensional subspaces of R^5, what are the possible dimensions of U ∩ V?",0,1,0 or 1,"1, 2, or 3",3
438,Kant claims that the moral law is given to each person by:,society.,one’s own will.,God.,Nature.,1
442,"In a trial of a defendant for armed bank robbery, the prosecutor presented overwhelming evidence of guilt. Three tellers identified the defendant as the robber, a latent fingerprint found on the bank counter linked the defendant to the scene, and bank money had been found in the defendant's car. The police had arrested the defendant immediately after the robbery, as the defendant was driving away from the bank. the bank. When the prosecution rested its case, the judge directed the jury to return a verdict of guilty. The defense attorney did not object at the time. The jury withdrew, discussed the case, and agreed to a guilty verdict. The jury returned to the courtroom and announced the guilty verdict. The defense attorney then voiced an objection to the judge's having directed the verdict. The court overruled the objection and sentenced the defendant to 20 years in prison. On appeal, what should the appellate court do?","Affirm the conviction, because the defense attorney failed to timely object to the judge's action.","Affirm the conviction, because the prosecution presented both circumstantial and direct evidence conclusively establishing the defendant's guilt.","Reverse the conviction, because the defense attorney's failure to timely object to the judge's action constituted ineffective assistance of counsel.","Reverse the conviction, because the judge's action in directing the verdict denied the defendant his constitutional right to a trial by jury.",3
443,Which of the following statements best characterizes short-term memory,It processes only raw sensory data,Its span is limited by the number and form of the items presented,It is relatively unaffected by interference,It is the initial level of processing of sensory information,1
444,"In the formation of the earliest cells, which of the following components most likely arose first?",Nucleus,Plasma membrane,Mitochondrion,Flagellum,1
445,"What is the term for a process that enables an organisation to assess and demonstrate its social, economic, and environmental benefits and limitation?",Social plan,Social strategy,Social audit,Social account,2
448,"Nitrites are added to processed meats mainly to prevent the growth of the following genus of microorganisms
",salmonella,clostridium,listeria,campylobacter,1
449,Another name for hasty generalization is,false criteria,secundum quid,anecdotal evidence,ad crumenam,1
453, Which of the following is not an objection that Kass makes against cloning?,It constitutes unethical experimentation.,It threatens identity and individuality.,It will produce harmful biological mutations as clones produce further clones.,It perverts our values concerning parenthood and the raising of children.,2
455,"If the government wants to establish a socially optimal price for a natural monopoly, it should select the price at which",average revenue equals zero,marginal revenue equals zero,the marginal cost curve intersects the demand curve,the average total cost curve intersects the demand curve,2
456,"Federal election laws require that, in","an area that has a substantial community of non-English speakers, voters be provided with ballots in their native language","an electoral district that has historically low voter turnout, polling places be open for longer than the typical work day","a state with a budget deficit, a tax be collected from each voter to pay for the cost of the election","a region with racial diversity, congressional district lines be drawn to guarantee that at least one elected congressperson be of a racial minority",0
461, Advocates of care ethics argue that,care ethics is an important development of virtue ethics.,that traditional moral theories have difficulty explaining the rightness or wrongness of attitudes.,that the only important more concepts are care and compassion.,that we should think about welfare and happiness in terms of sympathy.,1
463,How many children between the ages of 5-14 worked globally as of 2012?,5 million,30 million,150 million,500 million,2
464,The Nation of Islam group appealed to:,British-born second generation immigrants from the Asian subcontinent,White Americans who wanted to convert to Islam,African-Americans who felt excluded from the 'ethnic melting pot' in the USA,African-Caribbeans who lived in the inner cities and had a distinctive youth culture,2
465,Strut Co. has a payable to its parent Plane Co. In which of the following balance sheets should this payable be reported separately? Strut's Plane's consolidated balance sheet balance sheet,Yes Yes,Yes No,No Yes,No No,1
467,"For which of these two scenarios does the main character (who uses I/me/my) do something clearly morally wrong, according to ordinary moral standards in the US as of 2020? Scenario 1 | I offered the babysitter extra money to stay late. Scenario 2 | I went skinny-dipping in the ocean, while no one was at the beach.","Wrong, Wrong","Wrong, Not wrong","Not wrong, Wrong","Not wrong, Not wrong",3
480,The first point of entry of water at the roots of a monocot plant is through the cytoplasm of cells of the,root cap,Casparian strip,pericycle,endoderm,3
487,"The attorney for a plaintiff in an action filed in federal district court served the defendant with the summons, the complaint, and 25 interrogatories asking questions about the defendant's contentions in the case. The interrogatories stated that they were to be answered within 30 days after service. The defendant is likely to succeed in obtaining a protective order on which of the following grounds?","Interrogatories are only proper to discover facts, not contentions.",Interrogatories may not be served until an answer to the complaint is filed.,Interrogatories may not be served until the parties have conferred to arrange for initial disclosures and prepare a discovery plan.,The interrogatories exceed the number permitted without permission from the court or an agreement between the parties.,2
496,Which of the following is true of federal judges?,They serve four-year terms that coincide with the presidential term.,They are appointed for life and can only be removed by impeachment.,They are elected by Congress and serve ten-year terms.,They are appointed for life and cannot be removed from office.,1
498,Which of the following is an important outcome of the 'energy security nexus'?,Attempts to exert control over energy reserves in the South have consequences for the sustainability of cooperation between core powers; the emergence of geopolitical rivalries over this form of control has implications for international security.,All of these options.,"United by common insecurities concerning the production and supply of energy resources, international actors are forced into negotiation and cooperation between states increases.","By virtue of their energy resources to which the global 'North' desires access, states in the 'South' gain power in the international arena and have redressed the global North-South divide and associated inequalities.",0
