question_id,model_count,correct_count,incorrect_count,accuracy_per_item,difficulty,item_group,correct_models,wrong_models
0,6,5,1,0.8333,0.1667,mixed,mistral:7b;phi3:mini;llama3.2:3b;llama3.1:8b;qwen2.5:7b-instruct,gemma3:4b
1,6,3,3,0.5,0.5,mixed,phi3:mini;llama3.1:8b;qwen2.5:7b-instruct,mistral:7b;gemma3:4b;llama3.2:3b
2,6,4,2,0.6667,0.3333,mixed,mistral:7b;gemma3:4b;llama3.2:3b;llama3.1:8b,phi3:mini;qwen2.5:7b-instruct
3,6,6,0,1.0,0.0,all_correct,mistral:7b;gemma3:4b;phi3:mini;llama3.2:3b;llama3.1:8b;qwen2.5:7b-instruct,
4,6,1,5,0.1667,0.8333,mixed,qwen2.5:7b-instruct,mistral:7b;gemma3:4b;phi3:mini;llama3.2:3b;llama3.1:8b
5,6,6,0,1.0,0.0,all_correct,mistral:7b;gemma3:4b;phi3:mini;llama3.2:3b;llama3.1:8b;qwen2.5:7b-instruct,
6,6,2,4,0.3333,0.6667,mixed,mistral:7b;llama3.2:3b,gemma3:4b;phi3:mini;llama3.1:8b;qwen2.5:7b-instruct
7,6,1,5,0.1667,0.8333,mixed,llama3.1:8b,mistral:7b;gemma3:4b;phi3:mini;llama3.2:3b;qwen2.5:7b-instruct
8,6,6,0,1.0,0.0,all_correct,mistral:7b;gemma3:4b;phi3:mini;llama3.2:3b;llama3.1:8b;qwen2.5:7b-instruct,
9,6,6,0,1.0,0.0,all_correct,mistral:7b;gemma3:4b;phi3:mini;llama3.2:3b;llama3.1:8b;qwen2.5:7b-instruct,
10,6,4,2,0.6667,0.3333,mixed,mistral:7b;phi3:mini;llama3.1:8b;qwen2.5:7b-instruct,gemma3:4b;llama3.2:3b
11,6,3,3,0.5,0.5,mixed,gemma3:4b;phi3:mini;qwen2.5:7b-instruct,mistral:7b;llama3.2:3b;llama3.1:8b
12,6,3,3,0.5,0.5,mixed,gemma3:4b;phi3:mini;qwen2.5:7b-instruct,mistral:7b;llama3.2:3b;llama3.1:8b
13,6,5,1,0.8333,0.1667,mixed,gemma3:4b;phi3:mini;llama3.2:3b;llama3.1:8b;qwen2.5:7b-instruct,mistral:7b
14,6,0,6,0.0,1.0,all_wrong,,mistral:7b;gemma3:4b;phi3:mini;llama3.2:3b;llama3.1:8b;qwen2.5:7b-instruct
15,6,1,5,0.1667,0.8333,mixed,qwen2.5:7b-instruct,mistral:7b;gemma3:4b;phi3:mini;llama3.2:3b;llama3.1:8b
16,6,0,6,0.0,1.0,all_wrong,,mistral:7b;gemma3:4b;phi3:mini;llama3.2:3b;llama3.1:8b;qwen2.5:7b-instruct
17,6,5,1,0.8333,0.1667,mixed,mistral:7b;gemma3:4b;phi3:mini;llama3.1:8b;qwen2.5:7b-instruct,llama3.2:3b
18,6,2,4,0.3333,0.6667,mixed,phi3:mini;qwen2.5:7b-instruct,mistral:7b;gemma3:4b;llama3.2:3b;llama3.1:8b
19,6,3,3,0.5,0.5,mixed,phi3:mini;llama3.2:3b;llama3.1:8b,mistral:7b;gemma3:4b;qwen2.5:7b-instruct
20,6,6,0,1.0,0.0,all_correct,mistral:7b;gemma3:4b;phi3:mini;llama3.2:3b;llama3.1:8b;qwen2.5:7b-instruct,
21,6,5,1,0.8333,0.1667,mixed,mistral:7b;gemma3:4b;phi3:mini;llama3.1:8b;qwen2.5:7b-instruct,llama3.2:3b
22,6,4,2,0.6667,0.3333,mixed,mistral:7b;gemma3:4b;phi3:mini;qwen2.5:7b-instruct,llama3.2:3b;llama3.1:8b
23,6,5,1,0.8333,0.1667,mixed,mistral:7b;phi3:mini;llama3.2:3b;llama3.1:8b;qwen2.5:7b-instruct,gemma3:4b
24,6,3,3,0.5,0.5,mixed,mistral:7b;gemma3:4b;qwen2.5:7b-instruct,phi3:mini;llama3.2:3b;llama3.1:8b
25,6,6,0,1.0,0.0,all_correct,mistral:7b;gemma3:4b;phi3:mini;llama3.2:3b;llama3.1:8b;qwen2.5:7b-instruct,
26,6,2,4,0.3333,0.6667,mixed,llama3.2:3b;qwen2.5:7b-instruct,mistral:7b;gemma3:4b;phi3:mini;llama3.1:8b
27,6,0,6,0.0,1.0,all_wrong,,mistral:7b;gemma3:4b;phi3:mini;llama3.2:3b;llama3.1:8b;qwen2.5:7b-instruct
28,6,5,1,0.8333,0.1667,mixed,mistral:7b;gemma3:4b;phi3:mini;llama3.1:8b;qwen2.5:7b-instruct,llama3.2:3b
29,6,6,0,1.0,0.0,all_correct,mistral:7b;gemma3:4b;phi3:mini;llama3.2:3b;llama3.1:8b;qwen2.5:7b-instruct,
30,6,0,6,0.0,1.0,all_wrong,,mistral:7b;gemma3:4b;phi3:mini;llama3.2:3b;llama3.1:8b;qwen2.5:7b-instruct
31,6,3,3,0.5,0.5,mixed,llama3.2:3b;llama3.1:8b;qwen2.5:7b-instruct,mistral:7b;gemma3:4b;phi3:mini
32,6,4,2,0.6667,0.3333,mixed,mistral:7b;gemma3:4b;phi3:mini;qwen2.5:7b-instruct,llama3.2:3b;llama3.1:8b
33,6,0,6,0.0,1.0,all_wrong,,mistral:7b;gemma3:4b;phi3:mini;llama3.2:3b;llama3.1:8b;qwen2.5:7b-instruct
34,6,1,5,0.1667,0.8333,mixed,qwen2.5:7b-instruct,mistral:7b;gemma3:4b;phi3:mini;llama3.2:3b;llama3.1:8b
35,6,2,4,0.3333,0.6667,mixed,mistral:7b;qwen2.5:7b-instruct,gemma3:4b;phi3:mini;llama3.2:3b;llama3.1:8b
36,6,6,0,1.0,0.0,all_correct,mistral:7b;gemma3:4b;phi3:mini;llama3.2:3b;llama3.1:8b;qwen2.5:7b-instruct,
37,6,2,4,0.3333,0.6667,mixed,llama3.1:8b;qwen2.5:7b-instruct,mistral:7b;gemma3:4b;phi3:mini;llama3.2:3b
38,6,6,0,1.0,0.0,all_correct,mistral:7b;gemma3:4b;phi3:mini;llama3.2:3b;llama3.1:8b;qwen2.5:7b-instruct,
39,6,5,1,0.8333,0.1667,mixed,mistral:7b;gemma3:4b;phi3:mini;llama3.1:8b;qwen2.5:7b-instruct,llama3.2:3b
40,6,1,5,0.1667,0.8333,mixed,qwen2.5:7b-instruct,mistral:7b;gemma3:4b;phi3:mini;llama3.2:3b;llama3.1:8b
41,6,6,0,1.0,0.0,all_correct,mistral:7b;gemma3:4b;phi3:mini;llama3.2:3b;llama3.1:8b;qwen2.5:7b-instruct,
42,6,6,0,1.0,0.0,all_correct,mistral:7b;gemma3:4b;phi3:mini;llama3.2:3b;llama3.1:8b;qwen2.5:7b-instruct,
43,6,6,0,1.0,0.0,all_correct,mistral:7b;gemma3:4b;phi3:mini;llama3.2:3b;llama3.1:8b;qwen2.5:7b-instruct,
44,6,4,2,0.6667,0.3333,mixed,mistral:7b;llama3.2:3b;llama3.1:8b;qwen2.5:7b-instruct,gemma3:4b;phi3:mini
45,6,2,4,0.3333,0.6667,mixed,llama3.2:3b;qwen2.5:7b-instruct,mistral:7b;gemma3:4b;phi3:mini;llama3.1:8b
46,6,2,4,0.3333,0.6667,mixed,gemma3:4b;llama3.1:8b,mistral:7b;phi3:mini;llama3.2:3b;qwen2.5:7b-instruct
47,6,4,2,0.6667,0.3333,mixed,mistral:7b;gemma3:4b;phi3:mini;qwen2.5:7b-instruct,llama3.2:3b;llama3.1:8b
48,6,4,2,0.6667,0.3333,mixed,gemma3:4b;phi3:mini;llama3.1:8b;qwen2.5:7b-instruct,mistral:7b;llama3.2:3b
49,6,1,5,0.1667,0.8333,mixed,qwen2.5:7b-instruct,mistral:7b;gemma3:4b;phi3:mini;llama3.2:3b;llama3.1:8b
50,6,5,1,0.8333,0.1667,mixed,mistral:7b;gemma3:4b;phi3:mini;llama3.1:8b;qwen2.5:7b-instruct,llama3.2:3b
51,6,3,3,0.5,0.5,mixed,mistral:7b;phi3:mini;llama3.2:3b,gemma3:4b;llama3.1:8b;qwen2.5:7b-instruct
52,6,6,0,1.0,0.0,all_correct,mistral:7b;gemma3:4b;phi3:mini;llama3.2:3b;llama3.1:8b;qwen2.5:7b-instruct,
53,6,0,6,0.0,1.0,all_wrong,,mistral:7b;gemma3:4b;phi3:mini;llama3.2:3b;llama3.1:8b;qwen2.5:7b-instruct
54,6,1,5,0.1667,0.8333,mixed,qwen2.5:7b-instruct,mistral:7b;gemma3:4b;phi3:mini;llama3.2:3b;llama3.1:8b
55,6,6,0,1.0,0.0,all_correct,mistral:7b;gemma3:4b;phi3:mini;llama3.2:3b;llama3.1:8b;qwen2.5:7b-instruct,
56,6,4,2,0.6667,0.3333,mixed,gemma3:4b;phi3:mini;llama3.1:8b;qwen2.5:7b-instruct,mistral:7b;llama3.2:3b
57,6,0,6,0.0,1.0,all_wrong,,mistral:7b;gemma3:4b;phi3:mini;llama3.2:3b;llama3.1:8b;qwen2.5:7b-instruct
58,6,4,2,0.6667,0.3333,mixed,mistral:7b;gemma3:4b;phi3:mini;llama3.1:8b,llama3.2:3b;qwen2.5:7b-instruct
59,6,0,6,0.0,1.0,all_wrong,,mistral:7b;gemma3:4b;phi3:mini;llama3.2:3b;llama3.1:8b;qwen2.5:7b-instruct
60,6,3,3,0.5,0.5,mixed,mistral:7b;phi3:mini;qwen2.5:7b-instruct,gemma3:4b;llama3.2:3b;llama3.1:8b
61,6,3,3,0.5,0.5,mixed,mistral:7b;gemma3:4b;llama3.1:8b,phi3:mini;llama3.2:3b;qwen2.5:7b-instruct
62,6,6,0,1.0,0.0,all_correct,mistral:7b;gemma3:4b;phi3:mini;llama3.2:3b;llama3.1:8b;qwen2.5:7b-instruct,
63,6,6,0,1.0,0.0,all_correct,mistral:7b;gemma3:4b;phi3:mini;llama3.2:3b;llama3.1:8b;qwen2.5:7b-instruct,
64,6,6,0,1.0,0.0,all_correct,mistral:7b;gemma3:4b;phi3:mini;llama3.2:3b;llama3.1:8b;qwen2.5:7b-instruct,
65,6,4,2,0.6667,0.3333,mixed,mistral:7b;gemma3:4b;phi3:mini;qwen2.5:7b-instruct,llama3.2:3b;llama3.1:8b
66,6,1,5,0.1667,0.8333,mixed,llama3.1:8b,mistral:7b;gemma3:4b;phi3:mini;llama3.2:3b;qwen2.5:7b-instruct
67,6,0,6,0.0,1.0,all_wrong,,mistral:7b;gemma3:4b;phi3:mini;llama3.2:3b;llama3.1:8b;qwen2.5:7b-instruct
68,6,6,0,1.0,0.0,all_correct,mistral:7b;gemma3:4b;phi3:mini;llama3.2:3b;llama3.1:8b;qwen2.5:7b-instruct,
69,6,2,4,0.3333,0.6667,mixed,phi3:mini;qwen2.5:7b-instruct,mistral:7b;gemma3:4b;llama3.2:3b;llama3.1:8b
70,6,3,3,0.5,0.5,mixed,phi3:mini;llama3.1:8b;qwen2.5:7b-instruct,mistral:7b;gemma3:4b;llama3.2:3b
71,6,6,0,1.0,0.0,all_correct,mistral:7b;gemma3:4b;phi3:mini;llama3.2:3b;llama3.1:8b;qwen2.5:7b-instruct,
72,6,0,6,0.0,1.0,all_wrong,,mistral:7b;gemma3:4b;phi3:mini;llama3.2:3b;llama3.1:8b;qwen2.5:7b-instruct
73,6,6,0,1.0,0.0,all_correct,mistral:7b;gemma3:4b;phi3:mini;llama3.2:3b;llama3.1:8b;qwen2.5:7b-instruct,
74,6,4,2,0.6667,0.3333,mixed,mistral:7b;gemma3:4b;llama3.2:3b;qwen2.5:7b-instruct,phi3:mini;llama3.1:8b
75,6,4,2,0.6667,0.3333,mixed,phi3:mini;llama3.2:3b;llama3.1:8b;qwen2.5:7b-instruct,mistral:7b;gemma3:4b
76,6,1,5,0.1667,0.8333,mixed,qwen2.5:7b-instruct,mistral:7b;gemma3:4b;phi3:mini;llama3.2:3b;llama3.1:8b
77,6,0,6,0.0,1.0,all_wrong,,mistral:7b;gemma3:4b;phi3:mini;llama3.2:3b;llama3.1:8b;qwen2.5:7b-instruct
78,6,0,6,0.0,1.0,all_wrong,,mistral:7b;gemma3:4b;phi3:mini;llama3.2:3b;llama3.1:8b;qwen2.5:7b-instruct
79,6,1,5,0.1667,0.8333,mixed,phi3:mini,mistral:7b;gemma3:4b;llama3.2:3b;llama3.1:8b;qwen2.5:7b-instruct
80,6,5,1,0.8333,0.1667,mixed,mistral:7b;gemma3:4b;phi3:mini;llama3.1:8b;qwen2.5:7b-instruct,llama3.2:3b
81,6,5,1,0.8333,0.1667,mixed,mistral:7b;gemma3:4b;phi3:mini;llama3.2:3b;llama3.1:8b,qwen2.5:7b-instruct
82,6,3,3,0.5,0.5,mixed,gemma3:4b;llama3.2:3b;llama3.1:8b,mistral:7b;phi3:mini;qwen2.5:7b-instruct
83,6,3,3,0.5,0.5,mixed,phi3:mini;llama3.1:8b;qwen2.5:7b-instruct,mistral:7b;gemma3:4b;llama3.2:3b
84,6,6,0,1.0,0.0,all_correct,mistral:7b;gemma3:4b;phi3:mini;llama3.2:3b;llama3.1:8b;qwen2.5:7b-instruct,
85,6,4,2,0.6667,0.3333,mixed,mistral:7b;gemma3:4b;llama3.1:8b;qwen2.5:7b-instruct,phi3:mini;llama3.2:3b
86,6,1,5,0.1667,0.8333,mixed,qwen2.5:7b-instruct,mistral:7b;gemma3:4b;phi3:mini;llama3.2:3b;llama3.1:8b
87,6,3,3,0.5,0.5,mixed,phi3:mini;llama3.1:8b;qwen2.5:7b-instruct,mistral:7b;gemma3:4b;llama3.2:3b
88,6,4,2,0.6667,0.3333,mixed,gemma3:4b;phi3:mini;llama3.2:3b;llama3.1:8b,mistral:7b;qwen2.5:7b-instruct
89,6,4,2,0.6667,0.3333,mixed,mistral:7b;gemma3:4b;phi3:mini;qwen2.5:7b-instruct,llama3.2:3b;llama3.1:8b
90,6,1,5,0.1667,0.8333,mixed,llama3.1:8b,mistral:7b;gemma3:4b;phi3:mini;llama3.2:3b;qwen2.5:7b-instruct
91,6,6,0,1.0,0.0,all_correct,mistral:7b;gemma3:4b;phi3:mini;llama3.2:3b;llama3.1:8b;qwen2.5:7b-instruct,
92,6,1,5,0.1667,0.8333,mixed,qwen2.5:7b-instruct,mistral:7b;gemma3:4b;phi3:mini;llama3.2:3b;llama3.1:8b
93,6,4,2,0.6667,0.3333,mixed,gemma3:4b;llama3.2:3b;llama3.1:8b;qwen2.5:7b-instruct,mistral:7b;phi3:mini
94,6,2,4,0.3333,0.6667,mixed,mistral:7b;qwen2.5:7b-instruct,gemma3:4b;phi3:mini;llama3.2:3b;llama3.1:8b
95,6,3,3,0.5,0.5,mixed,gemma3:4b;llama3.2:3b;qwen2.5:7b-instruct,mistral:7b;phi3:mini;llama3.1:8b
96,6,5,1,0.8333,0.1667,mixed,mistral:7b;gemma3:4b;phi3:mini;llama3.2:3b;llama3.1:8b,qwen2.5:7b-instruct
97,6,4,2,0.6667,0.3333,mixed,gemma3:4b;phi3:mini;llama3.1:8b;qwen2.5:7b-instruct,mistral:7b;llama3.2:3b
98,6,6,0,1.0,0.0,all_correct,mistral:7b;gemma3:4b;phi3:mini;llama3.2:3b;llama3.1:8b;qwen2.5:7b-instruct,
99,6,4,2,0.6667,0.3333,mixed,mistral:7b;gemma3:4b;llama3.1:8b;qwen2.5:7b-instruct,phi3:mini;llama3.2:3b
100,6,6,0,1.0,0.0,all_correct,mistral:7b;gemma3:4b;phi3:mini;llama3.2:3b;llama3.1:8b;qwen2.5:7b-instruct,
101,6,6,0,1.0,0.0,all_correct,mistral:7b;gemma3:4b;phi3:mini;llama3.2:3b;llama3.1:8b;qwen2.5:7b-instruct,
102,6,4,2,0.6667,0.3333,mixed,mistral:7b;gemma3:4b;phi3:mini;qwen2.5:7b-instruct,llama3.2:3b;llama3.1:8b
103,6,6,0,1.0,0.0,all_correct,mistral:7b;gemma3:4b;phi3:mini;llama3.2:3b;llama3.1:8b;qwen2.5:7b-instruct,
104,6,3,3,0.5,0.5,mixed,mistral:7b;phi3:mini;qwen2.5:7b-instruct,gemma3:4b;llama3.2:3b;llama3.1:8b
105,6,1,5,0.1667,0.8333,mixed,phi3:mini,mistral:7b;gemma3:4b;llama3.2:3b;llama3.1:8b;qwen2.5:7b-instruct
106,6,6,0,1.0,0.0,all_correct,mistral:7b;gemma3:4b;phi3:mini;llama3.2:3b;llama3.1:8b;qwen2.5:7b-instruct,
107,6,6,0,1.0,0.0,all_correct,mistral:7b;gemma3:4b;phi3:mini;llama3.2:3b;llama3.1:8b;qwen2.5:7b-instruct,
108,6,6,0,1.0,0.0,all_correct,mistral:7b;gemma3:4b;phi3:mini;llama3.2:3b;llama3.1:8b;qwen2.5:7b-instruct,
109,6,6,0,1.0,0.0,all_correct,mistral:7b;gemma3:4b;phi3:mini;llama3.2:3b;llama3.1:8b;qwen2.5:7b-instruct,
110,6,3,3,0.5,0.5,mixed,phi3:mini;llama3.1:8b;qwen2.5:7b-instruct,mistral:7b;gemma3:4b;llama3.2:3b
111,6,5,1,0.8333,0.1667,mixed,gemma3:4b;phi3:mini;llama3.2:3b;llama3.1:8b;qwen2.5:7b-instruct,mistral:7b
112,6,3,3,0.5,0.5,mixed,mistral:7b;phi3:mini;qwen2.5:7b-instruct,gemma3:4b;llama3.2:3b;llama3.1:8b
113,6,2,4,0.3333,0.6667,mixed,mistral:7b;qwen2.5:7b-instruct,gemma3:4b;phi3:mini;llama3.2:3b;llama3.1:8b
114,6,0,6,0.0,1.0,all_wrong,,mistral:7b;gemma3:4b;phi3:mini;llama3.2:3b;llama3.1:8b;qwen2.5:7b-instruct
115,6,4,2,0.6667,0.3333,mixed,mistral:7b;phi3:mini;llama3.2:3b;qwen2.5:7b-instruct,gemma3:4b;llama3.1:8b
116,6,1,5,0.1667,0.8333,mixed,phi3:mini,mistral:7b;gemma3:4b;llama3.2:3b;llama3.1:8b;qwen2.5:7b-instruct
117,6,0,6,0.0,1.0,all_wrong,,mistral:7b;gemma3:4b;phi3:mini;llama3.2:3b;llama3.1:8b;qwen2.5:7b-instruct
118,6,4,2,0.6667,0.3333,mixed,phi3:mini;llama3.2:3b;llama3.1:8b;qwen2.5:7b-instruct,mistral:7b;gemma3:4b
119,6,3,3,0.5,0.5,mixed,phi3:mini;llama3.1:8b;qwen2.5:7b-instruct,mistral:7b;gemma3:4b;llama3.2:3b
120,6,6,0,1.0,0.0,all_correct,mistral:7b;gemma3:4b;phi3:mini;llama3.2:3b;llama3.1:8b;qwen2.5:7b-instruct,
121,6,4,2,0.6667,0.3333,mixed,gemma3:4b;llama3.2:3b;llama3.1:8b;qwen2.5:7b-instruct,mistral:7b;phi3:mini
122,6,5,1,0.8333,0.1667,mixed,mistral:7b;gemma3:4b;phi3:mini;llama3.1:8b;qwen2.5:7b-instruct,llama3.2:3b
123,6,2,4,0.3333,0.6667,mixed,phi3:mini;qwen2.5:7b-instruct,mistral:7b;gemma3:4b;llama3.2:3b;llama3.1:8b
124,6,3,3,0.5,0.5,mixed,gemma3:4b;llama3.2:3b;qwen2.5:7b-instruct,mistral:7b;phi3:mini;llama3.1:8b
125,6,6,0,1.0,0.0,all_correct,mistral:7b;gemma3:4b;phi3:mini;llama3.2:3b;llama3.1:8b;qwen2.5:7b-instruct,
126,6,4,2,0.6667,0.3333,mixed,mistral:7b;llama3.2:3b;llama3.1:8b;qwen2.5:7b-instruct,gemma3:4b;phi3:mini
127,6,6,0,1.0,0.0,all_correct,mistral:7b;gemma3:4b;phi3:mini;llama3.2:3b;llama3.1:8b;qwen2.5:7b-instruct,
128,6,6,0,1.0,0.0,all_correct,mistral:7b;gemma3:4b;phi3:mini;llama3.2:3b;llama3.1:8b;qwen2.5:7b-instruct,
129,6,6,0,1.0,0.0,all_correct,mistral:7b;gemma3:4b;phi3:mini;llama3.2:3b;llama3.1:8b;qwen2.5:7b-instruct,
130,6,0,6,0.0,1.0,all_wrong,,mistral:7b;gemma3:4b;phi3:mini;llama3.2:3b;llama3.1:8b;qwen2.5:7b-instruct
131,6,6,0,1.0,0.0,all_correct,mistral:7b;gemma3:4b;phi3:mini;llama3.2:3b;llama3.1:8b;qwen2.5:7b-instruct,
132,6,0,6,0.0,1.0,all_wrong,,mistral:7b;gemma3:4b;phi3:mini;llama3.2:3b;llama3.1:8b;qwen2.5:7b-instruct
133,6,1,5,0.1667,0.8333,mixed,phi3:mini,mistral:7b;gemma3:4b;llama3.2:3b;llama3.1:8b;qwen2.5:7b-instruct
134,6,5,1,0.8333,0.1667,mixed,mistral:7b;gemma3:4b;phi3:mini;llama3.1:8b;qwen2.5:7b-instruct,llama3.2:3b
135,6,2,4,0.3333,0.6667,mixed,gemma3:4b;phi3:mini,mistral:7b;llama3.2:3b;llama3.1:8b;qwen2.5:7b-instruct
136,6,5,1,0.8333,0.1667,mixed,mistral:7b;gemma3:4b;phi3:mini;llama3.1:8b;qwen2.5:7b-instruct,llama3.2:3b
137,6,5,1,0.8333,0.1667,mixed,mistral:7b;phi3:mini;llama3.2:3b;llama3.1:8b;qwen2.5:7b-instruct,gemma3:4b
138,6,5,1,0.8333,0.1667,mixed,mistral:7b;phi3:mini;llama3.2:3b;llama3.1:8b;qwen2.5:7b-instruct,gemma3:4b
139,6,5,1,0.8333,0.1667,mixed,gemma3:4b;phi3:mini;llama3.2:3b;llama3.1:8b;qwen2.5:7b-instruct,mistral:7b
140,6,6,0,1.0,0.0,all_correct,mistral:7b;gemma3:4b;phi3:mini;llama3.2:3b;llama3.1:8b;qwen2.5:7b-instruct,
141,6,6,0,1.0,0.0,all_correct,mistral:7b;gemma3:4b;phi3:mini;llama3.2:3b;llama3.1:8b;qwen2.5:7b-instruct,
142,5,4,1,0.8,0.2,mixed,mistral:7b;llama3.2:3b;llama3.1:8b;qwen2.5:7b-instruct,gemma3:4b
143,6,4,2,0.6667,0.3333,mixed,mistral:7b;gemma3:4b;phi3:mini;qwen2.5:7b-instruct,llama3.2:3b;llama3.1:8b
144,6,3,3,0.5,0.5,mixed,gemma3:4b;phi3:mini;qwen2.5:7b-instruct,mistral:7b;llama3.2:3b;llama3.1:8b
145,6,0,6,0.0,1.0,all_wrong,,mistral:7b;gemma3:4b;phi3:mini;llama3.2:3b;llama3.1:8b;qwen2.5:7b-instruct
146,6,6,0,1.0,0.0,all_correct,mistral:7b;gemma3:4b;phi3:mini;llama3.2:3b;llama3.1:8b;qwen2.5:7b-instruct,
147,6,6,0,1.0,0.0,all_correct,mistral:7b;gemma3:4b;phi3:mini;llama3.2:3b;llama3.1:8b;qwen2.5:7b-instruct,
148,6,3,3,0.5,0.5,mixed,mistral:7b;phi3:mini;qwen2.5:7b-instruct,gemma3:4b;llama3.2:3b;llama3.1:8b
149,6,4,2,0.6667,0.3333,mixed,mistral:7b;gemma3:4b;llama3.2:3b;llama3.1:8b,phi3:mini;qwen2.5:7b-instruct
150,6,6,0,1.0,0.0,all_correct,mistral:7b;gemma3:4b;phi3:mini;llama3.2:3b;llama3.1:8b;qwen2.5:7b-instruct,
151,6,2,4,0.3333,0.6667,mixed,phi3:mini;qwen2.5:7b-instruct,mistral:7b;gemma3:4b;llama3.2:3b;llama3.1:8b
152,6,2,4,0.3333,0.6667,mixed,phi3:mini;qwen2.5:7b-instruct,mistral:7b;gemma3:4b;llama3.2:3b;llama3.1:8b
153,6,3,3,0.5,0.5,mixed,mistral:7b;phi3:mini;qwen2.5:7b-instruct,gemma3:4b;llama3.2:3b;llama3.1:8b
154,6,0,6,0.0,1.0,all_wrong,,mistral:7b;gemma3:4b;phi3:mini;llama3.2:3b;llama3.1:8b;qwen2.5:7b-instruct
155,6,6,0,1.0,0.0,all_correct,mistral:7b;gemma3:4b;phi3:mini;llama3.2:3b;llama3.1:8b;qwen2.5:7b-instruct,
156,6,6,0,1.0,0.0,all_correct,mistral:7b;gemma3:4b;phi3:mini;llama3.2:3b;llama3.1:8b;qwen2.5:7b-instruct,
157,6,3,3,0.5,0.5,mixed,mistral:7b;llama3.1:8b;qwen2.5:7b-instruct,gemma3:4b;phi3:mini;llama3.2:3b
158,6,0,6,0.0,1.0,all_wrong,,mistral:7b;gemma3:4b;phi3:mini;llama3.2:3b;llama3.1:8b;qwen2.5:7b-instruct
159,6,3,3,0.5,0.5,mixed,mistral:7b;phi3:mini;llama3.1:8b,gemma3:4b;llama3.2:3b;qwen2.5:7b-instruct
160,6,6,0,1.0,0.0,all_correct,mistral:7b;gemma3:4b;phi3:mini;llama3.2:3b;llama3.1:8b;qwen2.5:7b-instruct,
161,6,6,0,1.0,0.0,all_correct,mistral:7b;gemma3:4b;phi3:mini;llama3.2:3b;llama3.1:8b;qwen2.5:7b-instruct,
162,6,6,0,1.0,0.0,all_correct,mistral:7b;gemma3:4b;phi3:mini;llama3.2:3b;llama3.1:8b;qwen2.5:7b-instruct,
163,6,1,5,0.1667,0.8333,mixed,qwen2.5:7b-instruct,mistral:7b;gemma3:4b;phi3:mini;llama3.2:3b;llama3.1:8b
164,6,2,4,0.3333,0.6667,mixed,phi3:mini;qwen2.5:7b-instruct,mistral:7b;gemma3:4b;llama3.2:3b;llama3.1:8b
165,6,0,6,0.0,1.0,all_wrong,,mistral:7b;gemma3:4b;phi3:mini;llama3.2:3b;llama3.1:8b;qwen2.5:7b-instruct
166,6,4,2,0.6667,0.3333,mixed,mistral:7b;gemma3:4b;llama3.1:8b;qwen2.5:7b-instruct,phi3:mini;llama3.2:3b
167,6,4,2,0.6667,0.3333,mixed,mistral:7b;phi3:mini;llama3.2:3b;qwen2.5:7b-instruct,gemma3:4b;llama3.1:8b
168,6,0,6,0.0,1.0,all_wrong,,mistral:7b;gemma3:4b;phi3:mini;llama3.2:3b;llama3.1:8b;qwen2.5:7b-instruct
169,6,6,0,1.0,0.0,all_correct,mistral:7b;gemma3:4b;phi3:mini;llama3.2:3b;llama3.1:8b;qwen2.5:7b-instruct,
170,6,6,0,1.0,0.0,all_correct,mistral:7b;gemma3:4b;phi3:mini;llama3.2:3b;llama3.1:8b;qwen2.5:7b-instruct,
171,6,4,2,0.6667,0.3333,mixed,phi3:mini;llama3.2:3b;llama3.1:8b;qwen2.5:7b-instruct,mistral:7b;gemma3:4b
172,6,5,1,0.8333,0.1667,mixed,mistral:7b;gemma3:4b;phi3:mini;llama3.1:8b;qwen2.5:7b-instruct,llama3.2:3b
173,6,3,3,0.5,0.5,mixed,mistral:7b;llama3.2:3b;llama3.1:8b,gemma3:4b;phi3:mini;qwen2.5:7b-instruct
174,6,0,6,0.0,1.0,all_wrong,,mistral:7b;gemma3:4b;phi3:mini;llama3.2:3b;llama3.1:8b;qwen2.5:7b-instruct
175,6,4,2,0.6667,0.3333,mixed,mistral:7b;phi3:mini;llama3.1:8b;qwen2.5:7b-instruct,gemma3:4b;llama3.2:3b
176,6,1,5,0.1667,0.8333,mixed,qwen2.5:7b-instruct,mistral:7b;gemma3:4b;phi3:mini;llama3.2:3b;llama3.1:8b
177,6,3,3,0.5,0.5,mixed,llama3.2:3b;llama3.1:8b;qwen2.5:7b-instruct,mistral:7b;gemma3:4b;phi3:mini
178,6,0,6,0.0,1.0,all_wrong,,mistral:7b;gemma3:4b;phi3:mini;llama3.2:3b;llama3.1:8b;qwen2.5:7b-instruct
179,6,6,0,1.0,0.0,all_correct,mistral:7b;gemma3:4b;phi3:mini;llama3.2:3b;llama3.1:8b;qwen2.5:7b-instruct,
180,6,2,4,0.3333,0.6667,mixed,gemma3:4b;qwen2.5:7b-instruct,mistral:7b;phi3:mini;llama3.2:3b;llama3.1:8b
181,6,1,5,0.1667,0.8333,mixed,phi3:mini,mistral:7b;gemma3:4b;llama3.2:3b;llama3.1:8b;qwen2.5:7b-instruct
182,6,6,0,1.0,0.0,all_correct,mistral:7b;gemma3:4b;phi3:mini;llama3.2:3b;llama3.1:8b;qwen2.5:7b-instruct,
183,6,6,0,1.0,0.0,all_correct,mistral:7b;gemma3:4b;phi3:mini;llama3.2:3b;llama3.1:8b;qwen2.5:7b-instruct,
184,6,2,4,0.3333,0.6667,mixed,gemma3:4b;qwen2.5:7b-instruct,mistral:7b;phi3:mini;llama3.2:3b;llama3.1:8b
185,6,6,0,1.0,0.0,all_correct,mistral:7b;gemma3:4b;phi3:mini;llama3.2:3b;llama3.1:8b;qwen2.5:7b-instruct,
186,6,0,6,0.0,1.0,all_wrong,,mistral:7b;gemma3:4b;phi3:mini;llama3.2:3b;llama3.1:8b;qwen2.5:7b-instruct
187,6,1,5,0.1667,0.8333,mixed,llama3.2:3b,mistral:7b;gemma3:4b;phi3:mini;llama3.1:8b;qwen2.5:7b-instruct
188,6,2,4,0.3333,0.6667,mixed,mistral:7b;qwen2.5:7b-instruct,gemma3:4b;phi3:mini;llama3.2:3b;llama3.1:8b
189,5,3,2,0.6,0.4,mixed,gemma3:4b;llama3.2:3b;qwen2.5:7b-instruct,mistral:7b;llama3.1:8b
190,6,1,5,0.1667,0.8333,mixed,mistral:7b,gemma3:4b;phi3:mini;llama3.2:3b;llama3.1:8b;qwen2.5:7b-instruct
191,6,3,3,0.5,0.5,mixed,mistral:7b;llama3.1:8b;qwen2.5:7b-instruct,gemma3:4b;phi3:mini;llama3.2:3b
192,6,2,4,0.3333,0.6667,mixed,phi3:mini;qwen2.5:7b-instruct,mistral:7b;gemma3:4b;llama3.2:3b;llama3.1:8b
193,6,2,4,0.3333,0.6667,mixed,llama3.2:3b;llama3.1:8b,mistral:7b;gemma3:4b;phi3:mini;qwen2.5:7b-instruct
194,6,1,5,0.1667,0.8333,mixed,qwen2.5:7b-instruct,mistral:7b;gemma3:4b;phi3:mini;llama3.2:3b;llama3.1:8b
195,6,6,0,1.0,0.0,all_correct,mistral:7b;gemma3:4b;phi3:mini;llama3.2:3b;llama3.1:8b;qwen2.5:7b-instruct,
196,6,4,2,0.6667,0.3333,mixed,mistral:7b;gemma3:4b;phi3:mini;qwen2.5:7b-instruct,llama3.2:3b;llama3.1:8b
197,6,2,4,0.3333,0.6667,mixed,mistral:7b;qwen2.5:7b-instruct,gemma3:4b;phi3:mini;llama3.2:3b;llama3.1:8b
198,6,0,6,0.0,1.0,all_wrong,,mistral:7b;gemma3:4b;phi3:mini;llama3.2:3b;llama3.1:8b;qwen2.5:7b-instruct
199,6,6,0,1.0,0.0,all_correct,mistral:7b;gemma3:4b;phi3:mini;llama3.2:3b;llama3.1:8b;qwen2.5:7b-instruct,
200,6,1,5,0.1667,0.8333,mixed,qwen2.5:7b-instruct,mistral:7b;gemma3:4b;phi3:mini;llama3.2:3b;llama3.1:8b
201,6,0,6,0.0,1.0,all_wrong,,mistral:7b;gemma3:4b;phi3:mini;llama3.2:3b;llama3.1:8b;qwen2.5:7b-instruct
202,6,2,4,0.3333,0.6667,mixed,llama3.1:8b;qwen2.5:7b-instruct,mistral:7b;gemma3:4b;phi3:mini;llama3.2:3b
203,6,0,6,0.0,1.0,all_wrong,,mistral:7b;gemma3:4b;phi3:mini;llama3.2:3b;llama3.1:8b;qwen2.5:7b-instruct
204,6,0,6,0.0,1.0,all_wrong,,mistral:7b;gemma3:4b;phi3:mini;llama3.2:3b;llama3.1:8b;qwen2.5:7b-instruct
205,6,2,4,0.3333,0.6667,mixed,mistral:7b;gemma3:4b,phi3:mini;llama3.2:3b;llama3.1:8b;qwen2.5:7b-instruct
206,6,3,3,0.5,0.5,mixed,phi3:mini;llama3.2:3b;qwen2.5:7b-instruct,mistral:7b;gemma3:4b;llama3.1:8b
207,6,0,6,0.0,1.0,all_wrong,,mistral:7b;gemma3:4b;phi3:mini;llama3.2:3b;llama3.1:8b;qwen2.5:7b-instruct
208,6,3,3,0.5,0.5,mixed,phi3:mini;llama3.2:3b;llama3.1:8b,mistral:7b;gemma3:4b;qwen2.5:7b-instruct
209,6,1,5,0.1667,0.8333,mixed,llama3.1:8b,mistral:7b;gemma3:4b;phi3:mini;llama3.2:3b;qwen2.5:7b-instruct
210,6,4,2,0.6667,0.3333,mixed,mistral:7b;gemma3:4b;llama3.1:8b;qwen2.5:7b-instruct,phi3:mini;llama3.2:3b
211,6,4,2,0.6667,0.3333,mixed,mistral:7b;phi3:mini;llama3.1:8b;qwen2.5:7b-instruct,gemma3:4b;llama3.2:3b
212,6,4,2,0.6667,0.3333,mixed,mistral:7b;gemma3:4b;phi3:mini;llama3.1:8b,llama3.2:3b;qwen2.5:7b-instruct
213,6,1,5,0.1667,0.8333,mixed,llama3.1:8b,mistral:7b;gemma3:4b;phi3:mini;llama3.2:3b;qwen2.5:7b-instruct
214,6,5,1,0.8333,0.1667,mixed,gemma3:4b;phi3:mini;llama3.2:3b;llama3.1:8b;qwen2.5:7b-instruct,mistral:7b
215,6,1,5,0.1667,0.8333,mixed,phi3:mini,mistral:7b;gemma3:4b;llama3.2:3b;llama3.1:8b;qwen2.5:7b-instruct
216,6,4,2,0.6667,0.3333,mixed,mistral:7b;gemma3:4b;phi3:mini;qwen2.5:7b-instruct,llama3.2:3b;llama3.1:8b
217,6,6,0,1.0,0.0,all_correct,mistral:7b;gemma3:4b;phi3:mini;llama3.2:3b;llama3.1:8b;qwen2.5:7b-instruct,
218,6,4,2,0.6667,0.3333,mixed,phi3:mini;llama3.2:3b;llama3.1:8b;qwen2.5:7b-instruct,mistral:7b;gemma3:4b
219,6,0,6,0.0,1.0,all_wrong,,mistral:7b;gemma3:4b;phi3:mini;llama3.2:3b;llama3.1:8b;qwen2.5:7b-instruct
220,6,6,0,1.0,0.0,all_correct,mistral:7b;gemma3:4b;phi3:mini;llama3.2:3b;llama3.1:8b;qwen2.5:7b-instruct,
221,6,4,2,0.6667,0.3333,mixed,mistral:7b;gemma3:4b;phi3:mini;llama3.2:3b,llama3.1:8b;qwen2.5:7b-instruct
222,6,0,6,0.0,1.0,all_wrong,,mistral:7b;gemma3:4b;phi3:mini;llama3.2:3b;llama3.1:8b;qwen2.5:7b-instruct
223,6,5,1,0.8333,0.1667,mixed,mistral:7b;phi3:mini;llama3.2:3b;llama3.1:8b;qwen2.5:7b-instruct,gemma3:4b
224,6,4,2,0.6667,0.3333,mixed,gemma3:4b;llama3.2:3b;llama3.1:8b;qwen2.5:7b-instruct,mistral:7b;phi3:mini
225,6,6,0,1.0,0.0,all_correct,mistral:7b;gemma3:4b;phi3:mini;llama3.2:3b;llama3.1:8b;qwen2.5:7b-instruct,
226,6,4,2,0.6667,0.3333,mixed,gemma3:4b;llama3.2:3b;llama3.1:8b;qwen2.5:7b-instruct,mistral:7b;phi3:mini
227,6,3,3,0.5,0.5,mixed,mistral:7b;phi3:mini;qwen2.5:7b-instruct,gemma3:4b;llama3.2:3b;llama3.1:8b
228,6,5,1,0.8333,0.1667,mixed,mistral:7b;phi3:mini;llama3.2:3b;llama3.1:8b;qwen2.5:7b-instruct,gemma3:4b
229,6,0,6,0.0,1.0,all_wrong,,mistral:7b;gemma3:4b;phi3:mini;llama3.2:3b;llama3.1:8b;qwen2.5:7b-instruct
230,6,1,5,0.1667,0.8333,mixed,llama3.1:8b,mistral:7b;gemma3:4b;phi3:mini;llama3.2:3b;qwen2.5:7b-instruct
231,6,2,4,0.3333,0.6667,mixed,mistral:7b;llama3.1:8b,gemma3:4b;phi3:mini;llama3.2:3b;qwen2.5:7b-instruct
232,6,2,4,0.3333,0.6667,mixed,mistral:7b;llama3.2:3b,gemma3:4b;phi3:mini;llama3.1:8b;qwen2.5:7b-instruct
233,6,6,0,1.0,0.0,all_correct,mistral:7b;gemma3:4b;phi3:mini;llama3.2:3b;llama3.1:8b;qwen2.5:7b-instruct,
234,6,4,2,0.6667,0.3333,mixed,phi3:mini;llama3.2:3b;llama3.1:8b;qwen2.5:7b-instruct,mistral:7b;gemma3:4b
235,6,3,3,0.5,0.5,mixed,gemma3:4b;llama3.1:8b;qwen2.5:7b-instruct,mistral:7b;phi3:mini;llama3.2:3b
236,6,6,0,1.0,0.0,all_correct,mistral:7b;gemma3:4b;phi3:mini;llama3.2:3b;llama3.1:8b;qwen2.5:7b-instruct,
237,6,0,6,0.0,1.0,all_wrong,,mistral:7b;gemma3:4b;phi3:mini;llama3.2:3b;llama3.1:8b;qwen2.5:7b-instruct
238,6,3,3,0.5,0.5,mixed,phi3:mini;llama3.1:8b;qwen2.5:7b-instruct,mistral:7b;gemma3:4b;llama3.2:3b
239,6,6,0,1.0,0.0,all_correct,mistral:7b;gemma3:4b;phi3:mini;llama3.2:3b;llama3.1:8b;qwen2.5:7b-instruct,
240,6,5,1,0.8333,0.1667,mixed,mistral:7b;gemma3:4b;phi3:mini;llama3.1:8b;qwen2.5:7b-instruct,llama3.2:3b
241,6,4,2,0.6667,0.3333,mixed,gemma3:4b;phi3:mini;llama3.1:8b;qwen2.5:7b-instruct,mistral:7b;llama3.2:3b
242,6,2,4,0.3333,0.6667,mixed,llama3.1:8b;qwen2.5:7b-instruct,mistral:7b;gemma3:4b;phi3:mini;llama3.2:3b
243,6,4,2,0.6667,0.3333,mixed,phi3:mini;llama3.2:3b;llama3.1:8b;qwen2.5:7b-instruct,mistral:7b;gemma3:4b
244,6,5,1,0.8333,0.1667,mixed,mistral:7b;gemma3:4b;phi3:mini;llama3.1:8b;qwen2.5:7b-instruct,llama3.2:3b
245,6,4,2,0.6667,0.3333,mixed,mistral:7b;gemma3:4b;phi3:mini;qwen2.5:7b-instruct,llama3.2:3b;llama3.1:8b
246,6,2,4,0.3333,0.6667,mixed,llama3.2:3b;llama3.1:8b,mistral:7b;gemma3:4b;phi3:mini;qwen2.5:7b-instruct
247,6,4,2,0.6667,0.3333,mixed,gemma3:4b;phi3:mini;llama3.2:3b;qwen2.5:7b-instruct,mistral:7b;llama3.1:8b
248,6,5,1,0.8333,0.1667,mixed,mistral:7b;gemma3:4b;phi3:mini;llama3.1:8b;qwen2.5:7b-instruct,llama3.2:3b
249,6,6,0,1.0,0.0,all_correct,mistral:7b;gemma3:4b;phi3:mini;llama3.2:3b;llama3.1:8b;qwen2.5:7b-instruct,
250,6,4,2,0.6667,0.3333,mixed,phi3:mini;llama3.2:3b;llama3.1:8b;qwen2.5:7b-instruct,mistral:7b;gemma3:4b
251,6,0,6,0.0,1.0,all_wrong,,mistral:7b;gemma3:4b;phi3:mini;llama3.2:3b;llama3.1:8b;qwen2.5:7b-instruct
252,6,6,0,1.0,0.0,all_correct,mistral:7b;gemma3:4b;phi3:mini;llama3.2:3b;llama3.1:8b;qwen2.5:7b-instruct,
253,6,3,3,0.5,0.5,mixed,phi3:mini;llama3.2:3b;llama3.1:8b,mistral:7b;gemma3:4b;qwen2.5:7b-instruct
254,6,1,5,0.1667,0.8333,mixed,phi3:mini,mistral:7b;gemma3:4b;llama3.2:3b;llama3.1:8b;qwen2.5:7b-instruct
255,6,6,0,1.0,0.0,all_correct,mistral:7b;gemma3:4b;phi3:mini;llama3.2:3b;llama3.1:8b;qwen2.5:7b-instruct,
256,6,4,2,0.6667,0.3333,mixed,mistral:7b;gemma3:4b;phi3:mini;qwen2.5:7b-instruct,llama3.2:3b;llama3.1:8b
257,6,4,2,0.6667,0.3333,mixed,gemma3:4b;phi3:mini;llama3.1:8b;qwen2.5:7b-instruct,mistral:7b;llama3.2:3b
258,6,1,5,0.1667,0.8333,mixed,llama3.1:8b,mistral:7b;gemma3:4b;phi3:mini;llama3.2:3b;qwen2.5:7b-instruct
259,6,3,3,0.5,0.5,mixed,mistral:7b;gemma3:4b;qwen2.5:7b-instruct,phi3:mini;llama3.2:3b;llama3.1:8b
260,6,6,0,1.0,0.0,all_correct,mistral:7b;gemma3:4b;phi3:mini;llama3.2:3b;llama3.1:8b;qwen2.5:7b-instruct,
261,6,6,0,1.0,0.0,all_correct,mistral:7b;gemma3:4b;phi3:mini;llama3.2:3b;llama3.1:8b;qwen2.5:7b-instruct,
262,6,2,4,0.3333,0.6667,mixed,mistral:7b;qwen2.5:7b-instruct,gemma3:4b;phi3:mini;llama3.2:3b;llama3.1:8b
263,6,3,3,0.5,0.5,mixed,phi3:mini;llama3.2:3b;llama3.1:8b,mistral:7b;gemma3:4b;qwen2.5:7b-instruct
264,6,4,2,0.6667,0.3333,mixed,phi3:mini;llama3.2:3b;llama3.1:8b;qwen2.5:7b-instruct,mistral:7b;gemma3:4b
265,6,5,1,0.8333,0.1667,mixed,mistral:7b;gemma3:4b;llama3.2:3b;llama3.1:8b;qwen2.5:7b-instruct,phi3:mini
266,6,1,5,0.1667,0.8333,mixed,phi3:mini,mistral:7b;gemma3:4b;llama3.2:3b;llama3.1:8b;qwen2.5:7b-instruct
267,6,3,3,0.5,0.5,mixed,gemma3:4b;phi3:mini;qwen2.5:7b-instruct,mistral:7b;llama3.2:3b;llama3.1:8b
268,6,6,0,1.0,0.0,all_correct,mistral:7b;gemma3:4b;phi3:mini;llama3.2:3b;llama3.1:8b;qwen2.5:7b-instruct,
269,6,1,5,0.1667,0.8333,mixed,mistral:7b,gemma3:4b;phi3:mini;llama3.2:3b;llama3.1:8b;qwen2.5:7b-instruct
270,6,6,0,1.0,0.0,all_correct,mistral:7b;gemma3:4b;phi3:mini;llama3.2:3b;llama3.1:8b;qwen2.5:7b-instruct,
271,6,6,0,1.0,0.0,all_correct,mistral:7b;gemma3:4b;phi3:mini;llama3.2:3b;llama3.1:8b;qwen2.5:7b-instruct,
272,6,6,0,1.0,0.0,all_correct,mistral:7b;gemma3:4b;phi3:mini;llama3.2:3b;llama3.1:8b;qwen2.5:7b-instruct,
273,6,5,1,0.8333,0.1667,mixed,mistral:7b;gemma3:4b;phi3:mini;llama3.1:8b;qwen2.5:7b-instruct,llama3.2:3b
274,6,6,0,1.0,0.0,all_correct,mistral:7b;gemma3:4b;phi3:mini;llama3.2:3b;llama3.1:8b;qwen2.5:7b-instruct,
275,6,4,2,0.6667,0.3333,mixed,phi3:mini;llama3.2:3b;llama3.1:8b;qwen2.5:7b-instruct,mistral:7b;gemma3:4b
276,6,4,2,0.6667,0.3333,mixed,mistral:7b;llama3.2:3b;llama3.1:8b;qwen2.5:7b-instruct,gemma3:4b;phi3:mini
277,6,2,4,0.3333,0.6667,mixed,llama3.2:3b;llama3.1:8b,mistral:7b;gemma3:4b;phi3:mini;qwen2.5:7b-instruct
278,6,1,5,0.1667,0.8333,mixed,gemma3:4b,mistral:7b;phi3:mini;llama3.2:3b;llama3.1:8b;qwen2.5:7b-instruct
279,6,3,3,0.5,0.5,mixed,mistral:7b;gemma3:4b;phi3:mini,llama3.2:3b;llama3.1:8b;qwen2.5:7b-instruct
280,6,6,0,1.0,0.0,all_correct,mistral:7b;gemma3:4b;phi3:mini;llama3.2:3b;llama3.1:8b;qwen2.5:7b-instruct,
281,6,3,3,0.5,0.5,mixed,mistral:7b;gemma3:4b;phi3:mini,llama3.2:3b;llama3.1:8b;qwen2.5:7b-instruct
282,6,6,0,1.0,0.0,all_correct,mistral:7b;gemma3:4b;phi3:mini;llama3.2:3b;llama3.1:8b;qwen2.5:7b-instruct,
283,6,3,3,0.5,0.5,mixed,mistral:7b;phi3:mini;llama3.1:8b,gemma3:4b;llama3.2:3b;qwen2.5:7b-instruct
284,6,1,5,0.1667,0.8333,mixed,gemma3:4b,mistral:7b;phi3:mini;llama3.2:3b;llama3.1:8b;qwen2.5:7b-instruct
285,6,4,2,0.6667,0.3333,mixed,mistral:7b;phi3:mini;llama3.1:8b;qwen2.5:7b-instruct,gemma3:4b;llama3.2:3b
286,6,6,0,1.0,0.0,all_correct,mistral:7b;gemma3:4b;phi3:mini;llama3.2:3b;llama3.1:8b;qwen2.5:7b-instruct,
287,6,0,6,0.0,1.0,all_wrong,,mistral:7b;gemma3:4b;phi3:mini;llama3.2:3b;llama3.1:8b;qwen2.5:7b-instruct
288,6,5,1,0.8333,0.1667,mixed,mistral:7b;gemma3:4b;llama3.2:3b;llama3.1:8b;qwen2.5:7b-instruct,phi3:mini
289,6,2,4,0.3333,0.6667,mixed,llama3.2:3b;llama3.1:8b,mistral:7b;gemma3:4b;phi3:mini;qwen2.5:7b-instruct
290,6,2,4,0.3333,0.6667,mixed,llama3.2:3b;llama3.1:8b,mistral:7b;gemma3:4b;phi3:mini;qwen2.5:7b-instruct
291,6,1,5,0.1667,0.8333,mixed,phi3:mini,mistral:7b;gemma3:4b;llama3.2:3b;llama3.1:8b;qwen2.5:7b-instruct
292,6,0,6,0.0,1.0,all_wrong,,mistral:7b;gemma3:4b;phi3:mini;llama3.2:3b;llama3.1:8b;qwen2.5:7b-instruct
293,6,0,6,0.0,1.0,all_wrong,,mistral:7b;gemma3:4b;phi3:mini;llama3.2:3b;llama3.1:8b;qwen2.5:7b-instruct
294,6,6,0,1.0,0.0,all_correct,mistral:7b;gemma3:4b;phi3:mini;llama3.2:3b;llama3.1:8b;qwen2.5:7b-instruct,
295,6,4,2,0.6667,0.3333,mixed,gemma3:4b;phi3:mini;llama3.2:3b;llama3.1:8b,mistral:7b;qwen2.5:7b-instruct
296,5,1,4,0.2,0.8,mixed,mistral:7b,gemma3:4b;llama3.2:3b;llama3.1:8b;qwen2.5:7b-instruct
297,6,0,6,0.0,1.0,all_wrong,,mistral:7b;gemma3:4b;phi3:mini;llama3.2:3b;llama3.1:8b;qwen2.5:7b-instruct
298,6,1,5,0.1667,0.8333,mixed,gemma3:4b,mistral:7b;phi3:mini;llama3.2:3b;llama3.1:8b;qwen2.5:7b-instruct
299,6,6,0,1.0,0.0,all_correct,mistral:7b;gemma3:4b;phi3:mini;llama3.2:3b;llama3.1:8b;qwen2.5:7b-instruct,
300,6,3,3,0.5,0.5,mixed,phi3:mini;llama3.1:8b;qwen2.5:7b-instruct,mistral:7b;gemma3:4b;llama3.2:3b
301,6,5,1,0.8333,0.1667,mixed,mistral:7b;gemma3:4b;llama3.2:3b;llama3.1:8b;qwen2.5:7b-instruct,phi3:mini
302,6,3,3,0.5,0.5,mixed,mistral:7b;phi3:mini;qwen2.5:7b-instruct,gemma3:4b;llama3.2:3b;llama3.1:8b
303,6,2,4,0.3333,0.6667,mixed,mistral:7b;gemma3:4b,phi3:mini;llama3.2:3b;llama3.1:8b;qwen2.5:7b-instruct
304,6,6,0,1.0,0.0,all_correct,mistral:7b;gemma3:4b;phi3:mini;llama3.2:3b;llama3.1:8b;qwen2.5:7b-instruct,
305,6,1,5,0.1667,0.8333,mixed,llama3.2:3b,mistral:7b;gemma3:4b;phi3:mini;llama3.1:8b;qwen2.5:7b-instruct
306,6,0,6,0.0,1.0,all_wrong,,mistral:7b;gemma3:4b;phi3:mini;llama3.2:3b;llama3.1:8b;qwen2.5:7b-instruct
307,6,3,3,0.5,0.5,mixed,phi3:mini;llama3.1:8b;qwen2.5:7b-instruct,mistral:7b;gemma3:4b;llama3.2:3b
308,6,4,2,0.6667,0.3333,mixed,phi3:mini;llama3.2:3b;llama3.1:8b;qwen2.5:7b-instruct,mistral:7b;gemma3:4b
309,6,3,3,0.5,0.5,mixed,phi3:mini;llama3.2:3b;llama3.1:8b,mistral:7b;gemma3:4b;qwen2.5:7b-instruct
310,6,3,3,0.5,0.5,mixed,mistral:7b;phi3:mini;qwen2.5:7b-instruct,gemma3:4b;llama3.2:3b;llama3.1:8b
311,6,2,4,0.3333,0.6667,mixed,mistral:7b;gemma3:4b,phi3:mini;llama3.2:3b;llama3.1:8b;qwen2.5:7b-instruct
312,6,3,3,0.5,0.5,mixed,gemma3:4b;phi3:mini;qwen2.5:7b-instruct,mistral:7b;llama3.2:3b;llama3.1:8b
313,6,6,0,1.0,0.0,all_correct,mistral:7b;gemma3:4b;phi3:mini;llama3.2:3b;llama3.1:8b;qwen2.5:7b-instruct,
314,6,3,3,0.5,0.5,mixed,gemma3:4b;llama3.1:8b;qwen2.5:7b-instruct,mistral:7b;phi3:mini;llama3.2:3b
315,6,3,3,0.5,0.5,mixed,llama3.2:3b;llama3.1:8b;qwen2.5:7b-instruct,mistral:7b;gemma3:4b;phi3:mini
316,6,4,2,0.6667,0.3333,mixed,mistral:7b;phi3:mini;llama3.2:3b;qwen2.5:7b-instruct,gemma3:4b;llama3.1:8b
317,6,3,3,0.5,0.5,mixed,mistral:7b;llama3.1:8b;qwen2.5:7b-instruct,gemma3:4b;phi3:mini;llama3.2:3b
318,6,6,0,1.0,0.0,all_correct,mistral:7b;gemma3:4b;phi3:mini;llama3.2:3b;llama3.1:8b;qwen2.5:7b-instruct,
319,6,4,2,0.6667,0.3333,mixed,mistral:7b;gemma3:4b;llama3.2:3b;llama3.1:8b,phi3:mini;qwen2.5:7b-instruct
320,6,2,4,0.3333,0.6667,mixed,mistral:7b;gemma3:4b,phi3:mini;llama3.2:3b;llama3.1:8b;qwen2.5:7b-instruct
321,6,6,0,1.0,0.0,all_correct,mistral:7b;gemma3:4b;phi3:mini;llama3.2:3b;llama3.1:8b;qwen2.5:7b-instruct,
322,6,4,2,0.6667,0.3333,mixed,phi3:mini;llama3.2:3b;llama3.1:8b;qwen2.5:7b-instruct,mistral:7b;gemma3:4b
323,6,1,5,0.1667,0.8333,mixed,gemma3:4b,mistral:7b;phi3:mini;llama3.2:3b;llama3.1:8b;qwen2.5:7b-instruct
324,6,5,1,0.8333,0.1667,mixed,mistral:7b;phi3:mini;llama3.2:3b;llama3.1:8b;qwen2.5:7b-instruct,gemma3:4b
325,6,6,0,1.0,0.0,all_correct,mistral:7b;gemma3:4b;phi3:mini;llama3.2:3b;llama3.1:8b;qwen2.5:7b-instruct,
326,6,3,3,0.5,0.5,mixed,gemma3:4b;phi3:mini;llama3.2:3b,mistral:7b;llama3.1:8b;qwen2.5:7b-instruct
327,6,2,4,0.3333,0.6667,mixed,phi3:mini;llama3.1:8b,mistral:7b;gemma3:4b;llama3.2:3b;qwen2.5:7b-instruct
328,6,3,3,0.5,0.5,mixed,phi3:mini;llama3.1:8b;qwen2.5:7b-instruct,mistral:7b;gemma3:4b;llama3.2:3b
329,6,6,0,1.0,0.0,all_correct,mistral:7b;gemma3:4b;phi3:mini;llama3.2:3b;llama3.1:8b;qwen2.5:7b-instruct,
330,6,2,4,0.3333,0.6667,mixed,phi3:mini;qwen2.5:7b-instruct,mistral:7b;gemma3:4b;llama3.2:3b;llama3.1:8b
331,6,3,3,0.5,0.5,mixed,llama3.2:3b;llama3.1:8b;qwen2.5:7b-instruct,mistral:7b;gemma3:4b;phi3:mini
332,6,6,0,1.0,0.0,all_correct,mistral:7b;gemma3:4b;phi3:mini;llama3.2:3b;llama3.1:8b;qwen2.5:7b-instruct,
333,6,5,1,0.8333,0.1667,mixed,mistral:7b;gemma3:4b;llama3.2:3b;llama3.1:8b;qwen2.5:7b-instruct,phi3:mini
334,6,2,4,0.3333,0.6667,mixed,mistral:7b;qwen2.5:7b-instruct,gemma3:4b;phi3:mini;llama3.2:3b;llama3.1:8b
335,6,1,5,0.1667,0.8333,mixed,llama3.1:8b,mistral:7b;gemma3:4b;phi3:mini;llama3.2:3b;qwen2.5:7b-instruct
336,6,6,0,1.0,0.0,all_correct,mistral:7b;gemma3:4b;phi3:mini;llama3.2:3b;llama3.1:8b;qwen2.5:7b-instruct,
337,6,6,0,1.0,0.0,all_correct,mistral:7b;gemma3:4b;phi3:mini;llama3.2:3b;llama3.1:8b;qwen2.5:7b-instruct,
338,6,2,4,0.3333,0.6667,mixed,phi3:mini;qwen2.5:7b-instruct,mistral:7b;gemma3:4b;llama3.2:3b;llama3.1:8b
339,6,2,4,0.3333,0.6667,mixed,mistral:7b;gemma3:4b,phi3:mini;llama3.2:3b;llama3.1:8b;qwen2.5:7b-instruct
340,6,5,1,0.8333,0.1667,mixed,mistral:7b;gemma3:4b;phi3:mini;llama3.2:3b;qwen2.5:7b-instruct,llama3.1:8b
341,6,2,4,0.3333,0.6667,mixed,gemma3:4b;phi3:mini,mistral:7b;llama3.2:3b;llama3.1:8b;qwen2.5:7b-instruct
342,6,5,1,0.8333,0.1667,mixed,gemma3:4b;phi3:mini;llama3.2:3b;llama3.1:8b;qwen2.5:7b-instruct,mistral:7b
343,6,6,0,1.0,0.0,all_correct,mistral:7b;gemma3:4b;phi3:mini;llama3.2:3b;llama3.1:8b;qwen2.5:7b-instruct,
344,6,5,1,0.8333,0.1667,mixed,mistral:7b;gemma3:4b;phi3:mini;llama3.1:8b;qwen2.5:7b-instruct,llama3.2:3b
345,6,4,2,0.6667,0.3333,mixed,mistral:7b;llama3.2:3b;llama3.1:8b;qwen2.5:7b-instruct,gemma3:4b;phi3:mini
346,6,5,1,0.8333,0.1667,mixed,mistral:7b;gemma3:4b;phi3:mini;llama3.2:3b;llama3.1:8b,qwen2.5:7b-instruct
347,6,5,1,0.8333,0.1667,mixed,mistral:7b;gemma3:4b;phi3:mini;llama3.1:8b;qwen2.5:7b-instruct,llama3.2:3b
348,6,1,5,0.1667,0.8333,mixed,qwen2.5:7b-instruct,mistral:7b;gemma3:4b;phi3:mini;llama3.2:3b;llama3.1:8b
349,6,6,0,1.0,0.0,all_correct,mistral:7b;gemma3:4b;phi3:mini;llama3.2:3b;llama3.1:8b;qwen2.5:7b-instruct,
350,6,5,1,0.8333,0.1667,mixed,gemma3:4b;phi3:mini;llama3.2:3b;llama3.1:8b;qwen2.5:7b-instruct,mistral:7b
351,6,0,6,0.0,1.0,all_wrong,,mistral:7b;gemma3:4b;phi3:mini;llama3.2:3b;llama3.1:8b;qwen2.5:7b-instruct
352,6,3,3,0.5,0.5,mixed,mistral:7b;gemma3:4b;qwen2.5:7b-instruct,phi3:mini;llama3.2:3b;llama3.1:8b
353,6,0,6,0.0,1.0,all_wrong,,mistral:7b;gemma3:4b;phi3:mini;llama3.2:3b;llama3.1:8b;qwen2.5:7b-instruct
354,6,3,3,0.5,0.5,mixed,gemma3:4b;phi3:mini;qwen2.5:7b-instruct,mistral:7b;llama3.2:3b;llama3.1:8b
355,6,2,4,0.3333,0.6667,mixed,llama3.1:8b;qwen2.5:7b-instruct,mistral:7b;gemma3:4b;phi3:mini;llama3.2:3b
356,6,3,3,0.5,0.5,mixed,llama3.2:3b;llama3.1:8b;qwen2.5:7b-instruct,mistral:7b;gemma3:4b;phi3:mini
357,6,1,5,0.1667,0.8333,mixed,qwen2.5:7b-instruct,mistral:7b;gemma3:4b;phi3:mini;llama3.2:3b;llama3.1:8b
358,6,4,2,0.6667,0.3333,mixed,gemma3:4b;phi3:mini;llama3.1:8b;qwen2.5:7b-instruct,mistral:7b;llama3.2:3b
359,6,6,0,1.0,0.0,all_correct,mistral:7b;gemma3:4b;phi3:mini;llama3.2:3b;llama3.1:8b;qwen2.5:7b-instruct,
360,6,4,2,0.6667,0.3333,mixed,mistral:7b;phi3:mini;llama3.1:8b;qwen2.5:7b-instruct,gemma3:4b;llama3.2:3b
361,6,5,1,0.8333,0.1667,mixed,gemma3:4b;phi3:mini;llama3.2:3b;llama3.1:8b;qwen2.5:7b-instruct,mistral:7b
362,6,6,0,1.0,0.0,all_correct,mistral:7b;gemma3:4b;phi3:mini;llama3.2:3b;llama3.1:8b;qwen2.5:7b-instruct,
363,6,0,6,0.0,1.0,all_wrong,,mistral:7b;gemma3:4b;phi3:mini;llama3.2:3b;llama3.1:8b;qwen2.5:7b-instruct
364,6,5,1,0.8333,0.1667,mixed,mistral:7b;gemma3:4b;phi3:mini;llama3.2:3b;qwen2.5:7b-instruct,llama3.1:8b
365,6,4,2,0.6667,0.3333,mixed,mistral:7b;gemma3:4b;llama3.2:3b;qwen2.5:7b-instruct,phi3:mini;llama3.1:8b
366,6,3,3,0.5,0.5,mixed,mistral:7b;phi3:mini;qwen2.5:7b-instruct,gemma3:4b;llama3.2:3b;llama3.1:8b
367,6,5,1,0.8333,0.1667,mixed,mistral:7b;phi3:mini;llama3.2:3b;llama3.1:8b;qwen2.5:7b-instruct,gemma3:4b
368,6,5,1,0.8333,0.1667,mixed,mistral:7b;gemma3:4b;phi3:mini;llama3.1:8b;qwen2.5:7b-instruct,llama3.2:3b
369,6,1,5,0.1667,0.8333,mixed,llama3.1:8b,mistral:7b;gemma3:4b;phi3:mini;llama3.2:3b;qwen2.5:7b-instruct
370,6,2,4,0.3333,0.6667,mixed,llama3.1:8b;qwen2.5:7b-instruct,mistral:7b;gemma3:4b;phi3:mini;llama3.2:3b
371,6,5,1,0.8333,0.1667,mixed,mistral:7b;phi3:mini;llama3.2:3b;llama3.1:8b;qwen2.5:7b-instruct,gemma3:4b
372,6,2,4,0.3333,0.6667,mixed,mistral:7b;llama3.2:3b,gemma3:4b;phi3:mini;llama3.1:8b;qwen2.5:7b-instruct
373,6,1,5,0.1667,0.8333,mixed,mistral:7b,gemma3:4b;phi3:mini;llama3.2:3b;llama3.1:8b;qwen2.5:7b-instruct
374,6,1,5,0.1667,0.8333,mixed,qwen2.5:7b-instruct,mistral:7b;gemma3:4b;phi3:mini;llama3.2:3b;llama3.1:8b
375,6,6,0,1.0,0.0,all_correct,mistral:7b;gemma3:4b;phi3:mini;llama3.2:3b;llama3.1:8b;qwen2.5:7b-instruct,
376,6,4,2,0.6667,0.3333,mixed,mistral:7b;gemma3:4b;llama3.2:3b;qwen2.5:7b-instruct,phi3:mini;llama3.1:8b
377,6,5,1,0.8333,0.1667,mixed,mistral:7b;gemma3:4b;phi3:mini;llama3.1:8b;qwen2.5:7b-instruct,llama3.2:3b
378,6,4,2,0.6667,0.3333,mixed,mistral:7b;gemma3:4b;llama3.2:3b;qwen2.5:7b-instruct,phi3:mini;llama3.1:8b
379,6,4,2,0.6667,0.3333,mixed,mistral:7b;gemma3:4b;phi3:mini;qwen2.5:7b-instruct,llama3.2:3b;llama3.1:8b
380,6,4,2,0.6667,0.3333,mixed,gemma3:4b;phi3:mini;llama3.1:8b;qwen2.5:7b-instruct,mistral:7b;llama3.2:3b
381,6,6,0,1.0,0.0,all_correct,mistral:7b;gemma3:4b;phi3:mini;llama3.2:3b;llama3.1:8b;qwen2.5:7b-instruct,
382,6,6,0,1.0,0.0,all_correct,mistral:7b;gemma3:4b;phi3:mini;llama3.2:3b;llama3.1:8b;qwen2.5:7b-instruct,
383,6,6,0,1.0,0.0,all_correct,mistral:7b;gemma3:4b;phi3:mini;llama3.2:3b;llama3.1:8b;qwen2.5:7b-instruct,
384,6,6,0,1.0,0.0,all_correct,mistral:7b;gemma3:4b;phi3:mini;llama3.2:3b;llama3.1:8b;qwen2.5:7b-instruct,
385,6,2,4,0.3333,0.6667,mixed,mistral:7b;llama3.1:8b,gemma3:4b;phi3:mini;llama3.2:3b;qwen2.5:7b-instruct
386,6,2,4,0.3333,0.6667,mixed,mistral:7b;gemma3:4b,phi3:mini;llama3.2:3b;llama3.1:8b;qwen2.5:7b-instruct
387,6,4,2,0.6667,0.3333,mixed,mistral:7b;gemma3:4b;phi3:mini;llama3.2:3b,llama3.1:8b;qwen2.5:7b-instruct
388,6,3,3,0.5,0.5,mixed,mistral:7b;phi3:mini;qwen2.5:7b-instruct,gemma3:4b;llama3.2:3b;llama3.1:8b
389,6,4,2,0.6667,0.3333,mixed,mistral:7b;gemma3:4b;phi3:mini;qwen2.5:7b-instruct,llama3.2:3b;llama3.1:8b
390,6,5,1,0.8333,0.1667,mixed,mistral:7b;phi3:mini;llama3.2:3b;llama3.1:8b;qwen2.5:7b-instruct,gemma3:4b
391,6,6,0,1.0,0.0,all_correct,mistral:7b;gemma3:4b;phi3:mini;llama3.2:3b;llama3.1:8b;qwen2.5:7b-instruct,
392,6,4,2,0.6667,0.3333,mixed,mistral:7b;gemma3:4b;phi3:mini;qwen2.5:7b-instruct,llama3.2:3b;llama3.1:8b
393,6,5,1,0.8333,0.1667,mixed,mistral:7b;phi3:mini;llama3.2:3b;llama3.1:8b;qwen2.5:7b-instruct,gemma3:4b
394,6,6,0,1.0,0.0,all_correct,mistral:7b;gemma3:4b;phi3:mini;llama3.2:3b;llama3.1:8b;qwen2.5:7b-instruct,
395,6,3,3,0.5,0.5,mixed,phi3:mini;llama3.2:3b;llama3.1:8b,mistral:7b;gemma3:4b;qwen2.5:7b-instruct
396,6,0,6,0.0,1.0,all_wrong,,mistral:7b;gemma3:4b;phi3:mini;llama3.2:3b;llama3.1:8b;qwen2.5:7b-instruct
397,6,1,5,0.1667,0.8333,mixed,qwen2.5:7b-instruct,mistral:7b;gemma3:4b;phi3:mini;llama3.2:3b;llama3.1:8b
398,6,2,4,0.3333,0.6667,mixed,phi3:mini;qwen2.5:7b-instruct,mistral:7b;gemma3:4b;llama3.2:3b;llama3.1:8b
399,6,3,3,0.5,0.5,mixed,gemma3:4b;llama3.2:3b;qwen2.5:7b-instruct,mistral:7b;phi3:mini;llama3.1:8b
400,6,3,3,0.5,0.5,mixed,mistral:7b;gemma3:4b;qwen2.5:7b-instruct,phi3:mini;llama3.2:3b;llama3.1:8b
401,6,6,0,1.0,0.0,all_correct,mistral:7b;gemma3:4b;phi3:mini;llama3.2:3b;llama3.1:8b;qwen2.5:7b-instruct,
402,6,1,5,0.1667,0.8333,mixed,gemma3:4b,mistral:7b;phi3:mini;llama3.2:3b;llama3.1:8b;qwen2.5:7b-instruct
403,6,6,0,1.0,0.0,all_correct,mistral:7b;gemma3:4b;phi3:mini;llama3.2:3b;llama3.1:8b;qwen2.5:7b-instruct,
404,6,4,2,0.6667,0.3333,mixed,mistral:7b;gemma3:4b;phi3:mini;qwen2.5:7b-instruct,llama3.2:3b;llama3.1:8b
405,6,4,2,0.6667,0.3333,mixed,mistral:7b;phi3:mini;llama3.1:8b;qwen2.5:7b-instruct,gemma3:4b;llama3.2:3b
406,6,2,4,0.3333,0.6667,mixed,llama3.1:8b;qwen2.5:7b-instruct,mistral:7b;gemma3:4b;phi3:mini;llama3.2:3b
407,6,4,2,0.6667,0.3333,mixed,gemma3:4b;phi3:mini;llama3.1:8b;qwen2.5:7b-instruct,mistral:7b;llama3.2:3b
408,6,6,0,1.0,0.0,all_correct,mistral:7b;gemma3:4b;phi3:mini;llama3.2:3b;llama3.1:8b;qwen2.5:7b-instruct,
409,6,6,0,1.0,0.0,all_correct,mistral:7b;gemma3:4b;phi3:mini;llama3.2:3b;llama3.1:8b;qwen2.5:7b-instruct,
410,6,5,1,0.8333,0.1667,mixed,mistral:7b;gemma3:4b;phi3:mini;llama3.1:8b;qwen2.5:7b-instruct,llama3.2:3b
411,6,5,1,0.8333,0.1667,mixed,gemma3:4b;phi3:mini;llama3.2:3b;llama3.1:8b;qwen2.5:7b-instruct,mistral:7b
412,6,2,4,0.3333,0.6667,mixed,mistral:7b;gemma3:4b,phi3:mini;llama3.2:3b;llama3.1:8b;qwen2.5:7b-instruct
413,6,5,1,0.8333,0.1667,mixed,mistral:7b;gemma3:4b;phi3:mini;llama3.2:3b;qwen2.5:7b-instruct,llama3.1:8b
414,6,6,0,1.0,0.0,all_correct,mistral:7b;gemma3:4b;phi3:mini;llama3.2:3b;llama3.1:8b;qwen2.5:7b-instruct,
415,6,3,3,0.5,0.5,mixed,mistral:7b;phi3:mini;qwen2.5:7b-instruct,gemma3:4b;llama3.2:3b;llama3.1:8b
416,6,1,5,0.1667,0.8333,mixed,phi3:mini,mistral:7b;gemma3:4b;llama3.2:3b;llama3.1:8b;qwen2.5:7b-instruct
417,6,5,1,0.8333,0.1667,mixed,mistral:7b;gemma3:4b;phi3:mini;llama3.2:3b;llama3.1:8b,qwen2.5:7b-instruct
418,6,1,5,0.1667,0.8333,mixed,qwen2.5:7b-instruct,mistral:7b;gemma3:4b;phi3:mini;llama3.2:3b;llama3.1:8b
419,6,6,0,1.0,0.0,all_correct,mistral:7b;gemma3:4b;phi3:mini;llama3.2:3b;llama3.1:8b;qwen2.5:7b-instruct,
420,6,4,2,0.6667,0.3333,mixed,phi3:mini;llama3.2:3b;llama3.1:8b;qwen2.5:7b-instruct,mistral:7b;gemma3:4b
421,6,6,0,1.0,0.0,all_correct,mistral:7b;gemma3:4b;phi3:mini;llama3.2:3b;llama3.1:8b;qwen2.5:7b-instruct,
422,6,0,6,0.0,1.0,all_wrong,,mistral:7b;gemma3:4b;phi3:mini;llama3.2:3b;llama3.1:8b;qwen2.5:7b-instruct
423,6,4,2,0.6667,0.3333,mixed,mistral:7b;gemma3:4b;phi3:mini;qwen2.5:7b-instruct,llama3.2:3b;llama3.1:8b
424,6,1,5,0.1667,0.8333,mixed,llama3.1:8b,mistral:7b;gemma3:4b;phi3:mini;llama3.2:3b;qwen2.5:7b-instruct
425,6,0,6,0.0,1.0,all_wrong,,mistral:7b;gemma3:4b;phi3:mini;llama3.2:3b;llama3.1:8b;qwen2.5:7b-instruct
426,6,6,0,1.0,0.0,all_correct,mistral:7b;gemma3:4b;phi3:mini;llama3.2:3b;llama3.1:8b;qwen2.5:7b-instruct,
427,6,6,0,1.0,0.0,all_correct,mistral:7b;gemma3:4b;phi3:mini;llama3.2:3b;llama3.1:8b;qwen2.5:7b-instruct,
428,6,2,4,0.3333,0.6667,mixed,mistral:7b;gemma3:4b,phi3:mini;llama3.2:3b;llama3.1:8b;qwen2.5:7b-instruct
429,6,0,6,0.0,1.0,all_wrong,,mistral:7b;gemma3:4b;phi3:mini;llama3.2:3b;llama3.1:8b;qwen2.5:7b-instruct
430,6,6,0,1.0,0.0,all_correct,mistral:7b;gemma3:4b;phi3:mini;llama3.2:3b;llama3.1:8b;qwen2.5:7b-instruct,
431,6,2,4,0.3333,0.6667,mixed,phi3:mini;llama3.2:3b,mistral:7b;gemma3:4b;llama3.1:8b;qwen2.5:7b-instruct
432,6,5,1,0.8333,0.1667,mixed,mistral:7b;phi3:mini;llama3.2:3b;llama3.1:8b;qwen2.5:7b-instruct,gemma3:4b
433,6,4,2,0.6667,0.3333,mixed,mistral:7b;gemma3:4b;phi3:mini;llama3.2:3b,llama3.1:8b;qwen2.5:7b-instruct
434,6,4,2,0.6667,0.3333,mixed,mistral:7b;phi3:mini;llama3.1:8b;qwen2.5:7b-instruct,gemma3:4b;llama3.2:3b
435,6,5,1,0.8333,0.1667,mixed,mistral:7b;gemma3:4b;phi3:mini;llama3.1:8b;qwen2.5:7b-instruct,llama3.2:3b
436,6,4,2,0.6667,0.3333,mixed,mistral:7b;gemma3:4b;phi3:mini;llama3.2:3b,llama3.1:8b;qwen2.5:7b-instruct
437,6,1,5,0.1667,0.8333,mixed,phi3:mini,mistral:7b;gemma3:4b;llama3.2:3b;llama3.1:8b;qwen2.5:7b-instruct
438,6,4,2,0.6667,0.3333,mixed,mistral:7b;gemma3:4b;llama3.1:8b;qwen2.5:7b-instruct,phi3:mini;llama3.2:3b
439,6,0,6,0.0,1.0,all_wrong,,mistral:7b;gemma3:4b;phi3:mini;llama3.2:3b;llama3.1:8b;qwen2.5:7b-instruct
440,6,1,5,0.1667,0.8333,mixed,qwen2.5:7b-instruct,mistral:7b;gemma3:4b;phi3:mini;llama3.2:3b;llama3.1:8b
441,6,3,3,0.5,0.5,mixed,mistral:7b;gemma3:4b;phi3:mini,llama3.2:3b;llama3.1:8b;qwen2.5:7b-instruct
442,6,3,3,0.5,0.5,mixed,mistral:7b;llama3.2:3b;llama3.1:8b,gemma3:4b;phi3:mini;qwen2.5:7b-instruct
443,6,6,0,1.0,0.0,all_correct,mistral:7b;gemma3:4b;phi3:mini;llama3.2:3b;llama3.1:8b;qwen2.5:7b-instruct,
444,6,5,1,0.8333,0.1667,mixed,gemma3:4b;phi3:mini;llama3.2:3b;llama3.1:8b;qwen2.5:7b-instruct,mistral:7b
445,6,5,1,0.8333,0.1667,mixed,mistral:7b;gemma3:4b;phi3:mini;llama3.2:3b;qwen2.5:7b-instruct,llama3.1:8b
446,6,0,6,0.0,1.0,all_wrong,,mistral:7b;gemma3:4b;phi3:mini;llama3.2:3b;llama3.1:8b;qwen2.5:7b-instruct
447,6,3,3,0.5,0.5,mixed,llama3.2:3b;llama3.1:8b;qwen2.5:7b-instruct,mistral:7b;gemma3:4b;phi3:mini
448,6,4,2,0.6667,0.3333,mixed,gemma3:4b;phi3:mini;llama3.2:3b;llama3.1:8b,mistral:7b;qwen2.5:7b-instruct
449,6,2,4,0.3333,0.6667,mixed,phi3:mini;llama3.2:3b,mistral:7b;gemma3:4b;llama3.1:8b;qwen2.5:7b-instruct
450,6,5,1,0.8333,0.1667,mixed,mistral:7b;gemma3:4b;llama3.2:3b;llama3.1:8b;qwen2.5:7b-instruct,phi3:mini
451,6,1,5,0.1667,0.8333,mixed,gemma3:4b,mistral:7b;phi3:mini;llama3.2:3b;llama3.1:8b;qwen2.5:7b-instruct
452,6,4,2,0.6667,0.3333,mixed,gemma3:4b;phi3:mini;llama3.1:8b;qwen2.5:7b-instruct,mistral:7b;llama3.2:3b
453,6,2,4,0.3333,0.6667,mixed,mistral:7b;qwen2.5:7b-instruct,gemma3:4b;phi3:mini;llama3.2:3b;llama3.1:8b
454,6,4,2,0.6667,0.3333,mixed,mistral:7b;gemma3:4b;llama3.1:8b;qwen2.5:7b-instruct,phi3:mini;llama3.2:3b
455,6,5,1,0.8333,0.1667,mixed,gemma3:4b;phi3:mini;llama3.2:3b;llama3.1:8b;qwen2.5:7b-instruct,mistral:7b
456,6,5,1,0.8333,0.1667,mixed,mistral:7b;gemma3:4b;llama3.2:3b;llama3.1:8b;qwen2.5:7b-instruct,phi3:mini
457,6,3,3,0.5,0.5,mixed,mistral:7b;llama3.1:8b;qwen2.5:7b-instruct,gemma3:4b;phi3:mini;llama3.2:3b
458,6,0,6,0.0,1.0,all_wrong,,mistral:7b;gemma3:4b;phi3:mini;llama3.2:3b;llama3.1:8b;qwen2.5:7b-instruct
459,6,1,5,0.1667,0.8333,mixed,gemma3:4b,mistral:7b;phi3:mini;llama3.2:3b;llama3.1:8b;qwen2.5:7b-instruct
460,6,6,0,1.0,0.0,all_correct,mistral:7b;gemma3:4b;phi3:mini;llama3.2:3b;llama3.1:8b;qwen2.5:7b-instruct,
461,6,4,2,0.6667,0.3333,mixed,gemma3:4b;llama3.2:3b;llama3.1:8b;qwen2.5:7b-instruct,mistral:7b;phi3:mini
462,6,3,3,0.5,0.5,mixed,phi3:mini;llama3.2:3b;qwen2.5:7b-instruct,mistral:7b;gemma3:4b;llama3.1:8b
463,6,3,3,0.5,0.5,mixed,phi3:mini;llama3.2:3b;llama3.1:8b,mistral:7b;gemma3:4b;qwen2.5:7b-instruct
464,6,5,1,0.8333,0.1667,mixed,mistral:7b;gemma3:4b;phi3:mini;llama3.2:3b;qwen2.5:7b-instruct,llama3.1:8b
465,6,4,2,0.6667,0.3333,mixed,gemma3:4b;phi3:mini;llama3.2:3b;qwen2.5:7b-instruct,mistral:7b;llama3.1:8b
466,6,0,6,0.0,1.0,all_wrong,,mistral:7b;gemma3:4b;phi3:mini;llama3.2:3b;llama3.1:8b;qwen2.5:7b-instruct
467,6,0,6,0.0,1.0,all_wrong,,mistral:7b;gemma3:4b;phi3:mini;llama3.2:3b;llama3.1:8b;qwen2.5:7b-instruct
468,6,6,0,1.0,0.0,all_correct,mistral:7b;gemma3:4b;phi3:mini;llama3.2:3b;llama3.1:8b;qwen2.5:7b-instruct,
469,6,1,5,0.1667,0.8333,mixed,llama3.2:3b,mistral:7b;gemma3:4b;phi3:mini;llama3.1:8b;qwen2.5:7b-instruct
470,6,5,1,0.8333,0.1667,mixed,gemma3:4b;phi3:mini;llama3.2:3b;llama3.1:8b;qwen2.5:7b-instruct,mistral:7b
471,6,0,6,0.0,1.0,all_wrong,,mistral:7b;gemma3:4b;phi3:mini;llama3.2:3b;llama3.1:8b;qwen2.5:7b-instruct
472,6,5,1,0.8333,0.1667,mixed,mistral:7b;phi3:mini;llama3.2:3b;llama3.1:8b;qwen2.5:7b-instruct,gemma3:4b
473,6,2,4,0.3333,0.6667,mixed,llama3.2:3b;llama3.1:8b,mistral:7b;gemma3:4b;phi3:mini;qwen2.5:7b-instruct
474,6,5,1,0.8333,0.1667,mixed,mistral:7b;phi3:mini;llama3.2:3b;llama3.1:8b;qwen2.5:7b-instruct,gemma3:4b
475,6,3,3,0.5,0.5,mixed,mistral:7b;gemma3:4b;llama3.2:3b,phi3:mini;llama3.1:8b;qwen2.5:7b-instruct
476,6,4,2,0.6667,0.3333,mixed,gemma3:4b;llama3.2:3b;llama3.1:8b;qwen2.5:7b-instruct,mistral:7b;phi3:mini
477,6,6,0,1.0,0.0,all_correct,mistral:7b;gemma3:4b;phi3:mini;llama3.2:3b;llama3.1:8b;qwen2.5:7b-instruct,
478,6,6,0,1.0,0.0,all_correct,mistral:7b;gemma3:4b;phi3:mini;llama3.2:3b;llama3.1:8b;qwen2.5:7b-instruct,
479,6,1,5,0.1667,0.8333,mixed,qwen2.5:7b-instruct,mistral:7b;gemma3:4b;phi3:mini;llama3.2:3b;llama3.1:8b
480,6,5,1,0.8333,0.1667,mixed,gemma3:4b;phi3:mini;llama3.2:3b;llama3.1:8b;qwen2.5:7b-instruct,mistral:7b
481,6,4,2,0.6667,0.3333,mixed,gemma3:4b;phi3:mini;llama3.2:3b;llama3.1:8b,mistral:7b;qwen2.5:7b-instruct
482,6,5,1,0.8333,0.1667,mixed,mistral:7b;gemma3:4b;phi3:mini;llama3.2:3b;qwen2.5:7b-instruct,llama3.1:8b
483,6,0,6,0.0,1.0,all_wrong,,mistral:7b;gemma3:4b;phi3:mini;llama3.2:3b;llama3.1:8b;qwen2.5:7b-instruct
484,6,0,6,0.0,1.0,all_wrong,,mistral:7b;gemma3:4b;phi3:mini;llama3.2:3b;llama3.1:8b;qwen2.5:7b-instruct
485,6,5,1,0.8333,0.1667,mixed,mistral:7b;phi3:mini;llama3.2:3b;llama3.1:8b;qwen2.5:7b-instruct,gemma3:4b
486,6,6,0,1.0,0.0,all_correct,mistral:7b;gemma3:4b;phi3:mini;llama3.2:3b;llama3.1:8b;qwen2.5:7b-instruct,
487,6,0,6,0.0,1.0,all_wrong,,mistral:7b;gemma3:4b;phi3:mini;llama3.2:3b;llama3.1:8b;qwen2.5:7b-instruct
488,6,4,2,0.6667,0.3333,mixed,mistral:7b;llama3.2:3b;llama3.1:8b;qwen2.5:7b-instruct,gemma3:4b;phi3:mini
489,6,6,0,1.0,0.0,all_correct,mistral:7b;gemma3:4b;phi3:mini;llama3.2:3b;llama3.1:8b;qwen2.5:7b-instruct,
490,6,0,6,0.0,1.0,all_wrong,,mistral:7b;gemma3:4b;phi3:mini;llama3.2:3b;llama3.1:8b;qwen2.5:7b-instruct
491,6,6,0,1.0,0.0,all_correct,mistral:7b;gemma3:4b;phi3:mini;llama3.2:3b;llama3.1:8b;qwen2.5:7b-instruct,
492,6,3,3,0.5,0.5,mixed,phi3:mini;llama3.1:8b;qwen2.5:7b-instruct,mistral:7b;gemma3:4b;llama3.2:3b
493,6,2,4,0.3333,0.6667,mixed,gemma3:4b;phi3:mini,mistral:7b;llama3.2:3b;llama3.1:8b;qwen2.5:7b-instruct
494,6,5,1,0.8333,0.1667,mixed,gemma3:4b;phi3:mini;llama3.2:3b;llama3.1:8b;qwen2.5:7b-instruct,mistral:7b
495,6,0,6,0.0,1.0,all_wrong,,mistral:7b;gemma3:4b;phi3:mini;llama3.2:3b;llama3.1:8b;qwen2.5:7b-instruct
496,6,6,0,1.0,0.0,all_correct,mistral:7b;gemma3:4b;phi3:mini;llama3.2:3b;llama3.1:8b;qwen2.5:7b-instruct,
497,6,6,0,1.0,0.0,all_correct,mistral:7b;gemma3:4b;phi3:mini;llama3.2:3b;llama3.1:8b;qwen2.5:7b-instruct,
498,6,3,3,0.5,0.5,mixed,mistral:7b;gemma3:4b;llama3.2:3b,phi3:mini;llama3.1:8b;qwen2.5:7b-instruct
499,6,0,6,0.0,1.0,all_wrong,,mistral:7b;gemma3:4b;phi3:mini;llama3.2:3b;llama3.1:8b;qwen2.5:7b-instruct
